State,Year,ANNUAL,Rabi,Kharif,Whole Year,Autumn,Summer,Winter
Andhra Pradesh,1997,2663.1,118.89999999999999,1631.1000000000001,2663.1,519.2,222.3,233.50000000000003
Andhra Pradesh,1998,3351.9,123.19999999999999,2317.2,3351.9,688.9999999999999,177.6,123.70000000000002
Andhra Pradesh,1999,2226.1000000000004,23.3,1538.9,2226.1000000000004,410.1,241.7,30.0
Andhra Pradesh,2000,2941.6,96.10000000000001,2266.1,2941.6,279.2,248.5,145.8
Andhra Pradesh,2001,2856.1,72.6,1677.8999999999999,2856.1,821.2,242.40000000000003,66.80000000000001
Andhra Pradesh,2002,2083.7,108.3,1325.7999999999997,2083.7,454.8,182.0,98.6
Andhra Pradesh,2003,2785.5,126.3,1910.8000000000002,2785.5,560.0,72.6,153.6
Andhra Pradesh,2004,2282.3,136.0,1420.1999999999998,2282.3,383.2,343.0,102.4
Andhra Pradesh,2005,3451.1,140.7,2050.8,3451.1,943.8,211.0,198.7
Andhra Pradesh,2006,2850.7,106.4,1971.0,2850.7,470.5,282.7,20.2
Andhra Pradesh,2007,2923.1000000000004,5.899999999999999,2337.6,2923.1000000000004,445.59999999999997,51.9,87.89999999999999
Andhra Pradesh,2008,2940.8,374.0,1965.8,2940.8,472.8,120.19999999999999,116.6
Andhra Pradesh,2009,2145.0,13.6,1461.5,2145.0,499.19999999999993,132.79999999999998,38.4
Andhra Pradesh,2010,3952.3,51.7,2608.3,3952.3,812.5999999999999,285.70000000000005,239.4
Andhra Pradesh,2011,2353.0,46.199999999999996,1722.1,2353.0,312.0,232.7,82.80000000000001
Andhra Pradesh,2012,3042.0,52.400000000000006,2018.2,3042.0,752.3,157.20000000000002,108.89999999999999
Andhra Pradesh,2013,3231.8,106.8,2047.2,3231.8,894.8,174.8,103.0
Andhra Pradesh,2014,2173.1,85.5,1411.6,2173.1,402.0999999999999,254.3,25.5
Andhra Pradesh,2015,2915.3,83.9,1859.6999999999998,2915.3,647.3,268.5,77.9
Andhra Pradesh,2016,2507.7,27.700000000000003,1961.1,2507.7,163.2,264.09999999999997,103.49999999999999
Andhra Pradesh,2017,2542.9,38.8,1840.9999999999998,2542.9,540.5999999999999,113.9,13.5
Andhra Pradesh,2018,2542.9,38.8,1840.9999999999998,2542.9,540.5999999999999,113.9,13.5
Andhra Pradesh,2019,2542.9,38.8,1840.9999999999998,2542.9,540.5999999999999,113.9,13.5
Arunachal Pradesh,1997,2274.9,253.2,1583.7,2274.9,104.4,307.3,121.0
Arunachal Pradesh,1998,3616.7,299.1,2707.4,3616.7,207.7,400.0,108.0
Arunachal Pradesh,1999,2316.6,54.4,1519.0,2316.6,236.20000000000002,502.79999999999995,18.299999999999997
Arunachal Pradesh,2000,2596.8,241.10000000000002,1650.0,2596.8,135.2,561.0,110.80000000000001
Arunachal Pradesh,2001,2036.0,254.6,1147.8,2036.0,193.10000000000002,425.5,134.6
Arunachal Pradesh,2002,2389.2,237.7,1549.4,2389.2,139.0,445.29999999999995,129.3
Arunachal Pradesh,2003,2451.8,215.7,1656.6999999999998,2451.8,207.6,355.5,122.3
Arunachal Pradesh,2004,2545.7,252.6,1578.6999999999998,2545.7,190.4,508.9,92.30000000000001
Arunachal Pradesh,2005,2335.5,445.5,1343.6999999999998,2335.5,167.9,375.1,219.29999999999998
Arunachal Pradesh,2006,2259.6,173.0,1393.3999999999999,2259.6,146.9,524.4,131.4
Arunachal Pradesh,2007,3020.7,158.9,2185.1000000000004,3020.7,126.89999999999999,542.8,117.7
Arunachal Pradesh,2008,2244.4,239.0,1508.7,2244.4,116.8,377.4,119.0
Arunachal Pradesh,2009,1749.9,182.89999999999998,1111.8,1749.9,116.80000000000001,322.6,126.69999999999999
Arunachal Pradesh,2010,2855.7,251.60000000000002,1653.6000000000001,2855.7,156.6,779.5999999999999,28.0
Arunachal Pradesh,2011,2193.7,265.8,1384.1000000000001,2193.7,68.1,460.4,106.5
Arunachal Pradesh,2012,3440.3,227.79999999999998,2325.6,3440.3,270.1,590.8,119.8
Arunachal Pradesh,2013,2042.9,174.1,1165.9,2042.9,177.4,510.9,73.6
Arunachal Pradesh,2014,2403.2,201.2,1750.8000000000002,2403.2,55.2,385.7,131.1
Arunachal Pradesh,2015,2767.5,175.8,1936.9,2767.5,99.0,526.0,108.1
Arunachal Pradesh,2016,2706.9,231.0,1678.1,2706.9,181.1,612.0,107.2
Arunachal Pradesh,2017,2745.3,316.20000000000005,1583.6,2745.3,237.0,605.3,97.8
Arunachal Pradesh,2018,2745.3,316.20000000000005,1583.6,2745.3,237.0,605.3,97.8
Arunachal Pradesh,2019,2745.3,316.20000000000005,1583.6,2745.3,237.0,605.3,97.8
Bihar,1997,1303.7,14.5,1148.3,1303.7,38.8,71.5,42.2
Bihar,1998,1332.5,43.2,1127.1,1332.5,97.5,64.80000000000001,19.6
Bihar,1999,1402.7,0.7000000000000001,1193.0,1402.7,121.0,87.39999999999999,0.8999999999999999
Bihar,2000,1207.0,16.2,1047.7,1207.0,9.6,133.4,12.7
Bihar,2001,1247.0,4.5,949.8,1247.0,181.8,111.0,1.5
Bihar,2002,1105.8,26.900000000000002,943.2,1105.8,35.199999999999996,99.8,25.4
Bihar,2003,1353.9,63.10000000000001,1082.2,1353.9,142.2,63.3,55.900000000000006
Bihar,2004,1147.8,27.0,956.4,1147.8,59.5,104.7,24.8
Bihar,2005,907.8,40.300000000000004,796.7,907.8,34.3,36.300000000000004,28.4
Bihar,2006,1052.8,2.0,936.3,1052.8,20.5,92.4,1.7000000000000002
Bihar,2007,1600.2,59.800000000000004,1369.4,1600.2,48.7,114.7,41.900000000000006
Bihar,2008,1197.7,33.2,1083.6,1197.7,21.5,59.3,30.0
Bihar,2009,889.3,1.8,707.8000000000001,889.3,77.69999999999999,101.4,1.5
Bihar,2010,629.2,1.4000000000000001,536.2,629.2,38.6,50.9,3.3000000000000003
Bihar,2011,1097.1,21.1,964.9,1097.1,12.0,98.4,12.8
Bihar,2012,1032.4,28.1,924.4000000000001,1032.4,40.699999999999996,39.2,20.8
Bihar,2013,1069.9,28.300000000000004,722.2,1069.9,197.5,121.8,27.700000000000003
Bihar,2014,1061.0,58.9,848.5,1061.0,47.8,104.60000000000001,51.7
Bihar,2015,872.7,41.8,742.3000000000001,872.7,10.4,78.2,14.600000000000001
Bihar,2016,1158.0,15.5,993.8,1158.0,60.8,87.9,9.9
Bihar,2017,1112.0,23.5,936.9,1112.0,50.1,101.5,0.7
Bihar,2018,1112.0,23.5,936.9,1112.0,50.1,101.5,0.7
Bihar,2019,1112.0,23.5,936.9,1112.0,50.1,101.5,0.7
Chhattisgarh,1997,1317.2,8.6,1120.6000000000001,1317.2,81.6,52.900000000000006,59.9
Chhattisgarh,1998,1332.5,103.4,1060.1000000000001,1332.5,140.89999999999998,28.299999999999997,76.10000000000001
Chhattisgarh,1999,1322.6,3.2,1194.9,1322.6,92.5,31.5,3.7
Chhattisgarh,2000,906.3,3.2,887.8,906.3,4.5,10.8,2.7
Chhattisgarh,2001,1600.1,15.7,1458.7,1600.1,91.5,34.2,1.1
Chhattisgarh,2002,990.2,58.599999999999994,809.4,990.2,71.1,35.4,62.3
Chhattisgarh,2003,1694.3,33.5,1479.1,1694.3,163.4,3.3,36.3
Chhattisgarh,2004,1144.5,57.6,1014.4000000000001,1144.5,44.6,28.0,54.599999999999994
Chhattisgarh,2005,1287.2,79.3,1099.0,1287.2,85.1,22.9,74.2
Chhattisgarh,2006,1317.7,28.9,1219.1,1317.7,28.4,40.7,3.4000000000000004
Chhattisgarh,2007,1281.2,21.9,1167.1999999999998,1281.2,69.8,21.8,16.2
Chhattisgarh,2008,1108.5,38.599999999999994,1037.4,1108.5,11.899999999999999,20.7,16.4
Chhattisgarh,2009,956.6,3.5,852.1,956.6,86.1,13.1,3.0999999999999996
Chhattisgarh,2010,1306.6,13.8,1172.2,1306.6,74.5,18.5,40.4
Chhattisgarh,2011,1302.7,14.4,1218.1000000000001,1302.7,15.5,51.8,14.6
Chhattisgarh,2012,1377.4,42.5,1265.4,1377.4,40.2,24.3,46.4
Chhattisgarh,2013,1420.0,27.4,1159.9,1420.0,181.20000000000002,51.5,22.5
Chhattisgarh,2014,1278.7,52.7,1102.0,1278.7,80.5,42.3,32.4
Chhattisgarh,2015,1117.6,38.2,1009.7,1117.6,18.3,50.0,18.5
Chhattisgarh,2016,1315.8,34.2,1177.9,1315.8,79.8,24.0,9.7
Chhattisgarh,2017,1124.4,5.1,1041.2,1124.4,61.800000000000004,16.4,1.6
Chhattisgarh,2018,1124.4,5.1,1041.2,1124.4,61.800000000000004,16.4,1.6
Chhattisgarh,2019,1124.4,5.1,1041.2,1124.4,61.800000000000004,16.4,1.6
Goa,1997,3027.2,3.4000000000000004,2893.2999999999997,3027.2,68.9,2.0,62.2
Goa,1998,3234.7,0.0,2900.5,3234.7,324.3,9.7,0.1
Goa,1999,2912.1,0.0,2664.6,2912.1,180.39999999999998,67.1,0.0
Goa,2000,3133.2,1.2,2841.2000000000003,3133.2,93.39999999999999,191.20000000000002,7.4
Goa,2001,2395.4,5.6,2232.7,2395.4,94.69999999999999,62.4,5.6
Goa,2002,2537.2,0.1,2446.4,2537.2,78.3,12.2,0.3
Goa,2003,2842.3,1.9000000000000001,2771.5999999999995,2842.3,56.3,12.399999999999999,1.1
Goa,2004,2985.9,0.0,2885.7000000000003,2985.9,43.099999999999994,57.3,0.0
Goa,2005,3615.7,3.3,3522.1000000000004,3615.7,76.5,13.8,1.5000000000000002
Goa,2006,3482.2,9.9,3035.6000000000004,3482.2,224.9,211.8,0.0
Goa,2007,3468.5,0.1,3369.8,3468.5,61.6,36.699999999999996,0.1
Goa,2008,3053.1,31.6,2949.3999999999996,3053.1,58.199999999999996,11.4,2.5
Goa,2009,2716.6,0.3,2282.2000000000003,2716.6,428.4,5.699999999999999,0.0
Goa,2010,3778.1,2.7,3467.3999999999996,3778.1,296.9,9.7,4.1
Goa,2011,3825.2,0.0,3697.3,3825.2,123.39999999999999,4.5,0.0
Goa,2012,3018.4,0.0,2839.3,3018.4,177.4,1.7000000000000002,0.0
Goa,2013,3524.0,7.3,3345.1,3524.0,151.4,18.6,8.7
Goa,2014,2757.5,8.4,2608.9,2757.5,106.7,22.0,18.3
Goa,2015,2082.0,39.5,1908.7,2082.0,118.7,14.9,2.7
Goa,2016,3663.9,2.1,3551.0,3663.9,108.3,2.4,0.2
Goa,2017,3443.4,0.0,3213.7999999999997,3443.4,157.6,47.0,25.0
Goa,2018,3443.4,0.0,3213.7999999999997,3443.4,157.6,47.0,25.0
Goa,2019,3443.4,0.0,3213.7999999999997,3443.4,157.6,47.0,25.0
Gujarat,1997,1669.1000000000001,2.3,1644.9,1669.1000000000001,10.9,10.2,2.4000000000000004
Gujarat,1998,1636.9,0.1,1381.9,1636.9,254.8,0.0,0.1
Gujarat,1999,949.0999999999999,13.8,633.9,949.0999999999999,162.4,139.3,13.8
Gujarat,2000,836.7,0.1,791.3,836.7,2.4000000000000004,39.0,3.8000000000000003
Gujarat,2001,1359.2,6.1,1313.0,1359.2,36.699999999999996,3.4000000000000004,6.1
Gujarat,2002,945.3000000000001,4.199999999999999,939.2,945.3000000000001,1.1,0.0,4.799999999999999
Gujarat,2003,1846.5,6.6,1834.8999999999999,1846.5,4.9,0.0,6.5
Gujarat,2004,1488.0,0.2,1428.0,1488.0,41.9,18.0,0.2
Gujarat,2005,1948.0,0.0,1944.0,1948.0,3.0999999999999996,0.7,0.0
Gujarat,2006,2179.8,2.7,2162.5,2179.8,13.799999999999999,0.2,0.6
Gujarat,2007,2069.6000000000004,2.5,2062.5,2069.6000000000004,4.3,0.5,2.4
Gujarat,2008,1519.0,0.30000000000000004,1486.8999999999999,1519.0,18.099999999999998,3.7,10.2
Gujarat,2009,1238.5,0.3,1197.6999999999998,1238.5,40.3,0.0,0.0
Gujarat,2010,2208.6000000000004,0.30000000000000004,2078.8999999999996,2208.6000000000004,129.1,0.1,0.5
Gujarat,2011,1633.0,1.5999999999999999,1629.4,1633.0,1.7000000000000002,0.0,1.5999999999999999
Gujarat,2012,1037.8,0.1,1026.8000000000002,1037.8,9.5,0.30000000000000004,1.1
Gujarat,2013,1800.3999999999999,3.0,1701.9,1800.3999999999999,81.9,13.2,2.8
Gujarat,2014,1089.6,6.4,1065.8000000000002,1089.6,12.5,4.9,6.1
Gujarat,2015,1064.6,13.2,1036.0,1064.6,6.1,9.3,2.7
Gujarat,2016,1247.8,0.8999999999999999,1113.7,1247.8,131.60000000000002,1.5,0.0
Gujarat,2017,1676.5,0.1,1643.4,1676.5,20.3,0.30000000000000004,12.4
Gujarat,2018,1676.5,0.1,1643.4,1676.5,20.3,0.30000000000000004,12.4
Gujarat,2019,1676.5,0.1,1643.4,1676.5,20.3,0.30000000000000004,12.4
Himachal Pradesh,1997,1454.5,169.8,880.9,1454.5,131.8,163.5,217.9
Himachal Pradesh,1998,1381.6,286.70000000000005,854.3,1381.6,125.30000000000001,112.8,149.70000000000002
Himachal Pradesh,1999,1144.9,196.9,804.8000000000001,1144.9,35.3,105.39999999999999,166.0
Himachal Pradesh,2000,1068.4,305.29999999999995,639.9000000000001,1068.4,10.5,105.5,244.10000000000002
Himachal Pradesh,2001,991.8,172.0,622.5,991.8,25.8,134.2,103.5
Himachal Pradesh,2002,990.4,340.1,486.6,990.4,8.899999999999999,151.0,207.10000000000002
Himachal Pradesh,2003,1034.5,269.1,613.3,1034.5,22.8,88.8,196.5
Himachal Pradesh,2004,878.5,135.1,467.5,878.5,114.0,112.30000000000001,178.6
Himachal Pradesh,2005,1248.5,514.0,640.3,1248.5,2.1,87.6,375.20000000000005
Himachal Pradesh,2006,1218.4,278.0,732.0999999999999,1218.4,44.4,112.7,191.89999999999998
Himachal Pradesh,2007,1034.5,299.3,630.9000000000001,1034.5,19.7,48.9,157.9
Himachal Pradesh,2008,1114.2,199.40000000000003,749.5000000000001,1114.2,39.199999999999996,87.3,232.0
Himachal Pradesh,2009,956.5,144.1,550.4,956.5,109.5,144.7,108.5
Himachal Pradesh,2010,1259.4,167.2,851.1000000000001,1259.4,41.3,141.7,180.2
Himachal Pradesh,2011,1108.3,191.0,796.5,1108.3,6.3,107.5,148.2
Himachal Pradesh,2012,951.6,172.0,686.3000000000001,951.6,6.300000000000001,65.3,165.39999999999998
Himachal Pradesh,2013,1211.9,339.1,748.1999999999999,1211.9,38.400000000000006,61.5,287.3
Himachal Pradesh,2014,1008.7,319.7,486.6,1008.7,23.8,129.5,243.8
Himachal Pradesh,2015,1210.5,416.3,607.1,1210.5,32.2,129.9,248.8
Himachal Pradesh,2016,921.5,171.5,624.8,921.5,5.3,117.7,59.3
Himachal Pradesh,2017,1182.2,261.29999999999995,715.6999999999999,1182.2,7.2,150.0,251.89999999999998
Himachal Pradesh,2018,1182.2,261.29999999999995,715.6999999999999,1182.2,7.2,150.0,251.89999999999998
Himachal Pradesh,2019,1182.2,261.29999999999995,715.6999999999999,1182.2,7.2,150.0,251.89999999999998
Jammu and Kashmir,1997,1295.9,288.1,553.4,1295.9,161.6,233.6,183.20000000000002
Jammu and Kashmir,1998,1325.9,557.6,449.29999999999995,1325.9,51.0,267.9,372.2
Jammu and Kashmir,1999,890.3,331.1,415.50000000000006,890.3,71.9,71.9,239.7
Jammu and Kashmir,2000,984.6,356.5,485.99999999999994,984.6,22.4,81.5,304.29999999999995
Jammu and Kashmir,2001,952.7,153.39999999999998,546.2,952.7,64.3,162.39999999999998,98.1
Jammu and Kashmir,2002,903.5,265.4,488.20000000000005,903.5,15.899999999999999,119.3,174.5
Jammu and Kashmir,2003,1311.1,465.0,488.6,1311.1,47.0,228.8,375.79999999999995
Jammu and Kashmir,2004,944.9,267.8,331.6,944.9,96.6,206.4,289.0
Jammu and Kashmir,2005,1692.7,889.2,609.6,1692.7,36.4,156.9,700.0
Jammu and Kashmir,2006,1519.8,389.40000000000003,817.8,1519.8,118.7,78.19999999999999,408.40000000000003
Jammu and Kashmir,2007,1023.5,388.3,506.1,1023.5,1.6,80.6,176.0
Jammu and Kashmir,2008,1224.5,294.2,611.9000000000001,1224.5,67.6,161.0,374.1
Jammu and Kashmir,2009,1134.84,301.9,381.5949999999999,1134.84,34.025,177.8,277.35
Jammu and Kashmir,2010,997.9,208.0,522.9,997.9,38.6,192.20000000000002,209.2
Jammu and Kashmir,2011,887.6,352.8,357.29999999999995,887.6,32.3,121.4,278.8
Jammu and Kashmir,2012,1034.7,291.9,523.0,1034.7,26.5,135.5,304.5
Jammu and Kashmir,2013,859.3,230.50000000000003,465.9,859.3,47.8,94.8,208.9
Jammu and Kashmir,2014,1093.4,292.9,623.2,1093.4,46.300000000000004,128.8,142.1
Jammu and Kashmir,2015,1572.8,556.5,614.0,1572.8,125.19999999999999,237.9,254.39999999999998
Jammu and Kashmir,2016,902.8,270.3,482.80000000000007,902.8,3.3,140.4,85.0
Jammu and Kashmir,2017,1278.9,446.9,543.9,1278.9,11.600000000000001,195.2,443.4
Jammu and Kashmir,2018,1278.9,446.9,543.9,1278.9,11.600000000000001,195.2,443.4
Jammu and Kashmir,2019,1278.9,446.9,543.9,1278.9,11.600000000000001,195.2,443.4
Jharkhand,1997,1461.3,14.7,1262.1,1461.3,93.3,54.599999999999994,49.800000000000004
Jharkhand,1998,1353.8,151.0,964.1,1353.8,158.60000000000002,79.3,97.6
Jharkhand,1999,1586.9,0.7999999999999999,1345.1000000000001,1586.9,143.9,96.9,0.9
Jharkhand,2000,1191.5,31.1,1053.4,1191.5,19.5,87.30000000000001,25.0
Jharkhand,2001,1254.4,35.9,1031.5,1254.4,115.7,71.4,5.9
Jharkhand,2002,1034.9,25.1,902.5,1034.9,56.3,50.2,15.200000000000001
Jharkhand,2003,1245.0,67.4,869.0,1245.0,261.7,39.4,41.2
Jharkhand,2004,1136.6,11.299999999999999,923.6,1136.6,128.2,72.1,9.8
Jharkhand,2005,960.4,57.3,779.5999999999999,960.4,84.39999999999999,33.1,45.7
Jharkhand,2006,1459.5,22.9,1281.3000000000002,1459.5,32.0,123.10000000000001,0.5
Jharkhand,2007,1437.3,75.6,1234.1,1437.3,47.2,80.4,50.1
Jharkhand,2008,1325.3,29.2,1207.6000000000001,1325.3,35.0,53.599999999999994,23.0
Jharkhand,2009,996.1,4.6,826.0999999999999,996.1,86.2,78.89999999999999,3.0999999999999996
Jharkhand,2010,697.1,3.4,578.4,697.1,59.800000000000004,35.5,22.5
Jharkhand,2011,1374.7,12.2,1258.6,1374.7,23.3,80.4,5.9
Jharkhand,2012,1065.0,46.400000000000006,908.3,1065.0,86.4,16.2,52.5
Jharkhand,2013,1253.6,20.6,844.5,1253.6,281.1,107.3,19.0
Jharkhand,2014,1156.6,80.3,930.0999999999999,1156.6,44.9,100.10000000000001,58.6
Jharkhand,2015,1081.8,36.4,938.8000000000001,1081.8,22.9,81.0,17.5
Jharkhand,2016,1264.0,37.7,1107.0,1264.0,45.6,73.8,20.2
Jharkhand,2017,1165.8,9.7,988.1,1165.8,105.7,62.0,5.3999999999999995
Jharkhand,2018,1165.8,9.7,988.1,1165.8,105.7,62.0,5.3999999999999995
Jharkhand,2019,1165.8,9.7,988.1,1165.8,105.7,62.0,5.3999999999999995
Karnataka,1997,6229.2,65.9,5214.4,6229.2,666.4,156.0,136.6
Karnataka,1998,5673.7,5.3,4707.1,5673.7,742.1,196.0,23.1
Karnataka,1999,5590.3,11.0,4161.5,5590.3,804.9,608.9,12.5
Karnataka,2000,5270.9,36.6,4289.0,5270.9,525.4,405.20000000000005,50.3
Karnataka,2001,4635.9,6.9,3719.3,4635.9,521.0,384.70000000000005,8.8
Karnataka,2002,4079.3999999999996,40.0,2992.8,4079.3999999999996,697.7,348.0,37.8
Karnataka,2003,4308.2,53.5,3632.3,4308.2,494.59999999999997,121.9,15.600000000000001
Karnataka,2004,4845.3,51.5,3714.9,4845.3,348.20000000000005,720.0,37.8
Karnataka,2005,5597.7,27.1,4599.1,5597.7,608.7,355.2,26.099999999999998
Karnataka,2006,5518.4,58.199999999999996,4325.9,5518.4,528.6,604.5,2.4000000000000004
Karnataka,2007,5928.1,28.1,5176.7,5928.1,415.0,283.70000000000005,43.5
Karnataka,2008,5059.4,425.40000000000003,4024.9000000000005,5059.4,344.2,240.89999999999998,69.9
Karnataka,2009,5933.9,73.30000000000001,4671.3,5933.9,784.5999999999999,332.4,73.1
Karnataka,2010,5779.700000000001,46.1,4362.1,5779.700000000001,993.3000000000001,363.4,51.199999999999996
Karnataka,2011,5651.2,59.099999999999994,4668.7,5651.2,540.9000000000001,367.09999999999997,46.0
Karnataka,2012,4924.530000000001,71.97,3737.8999999999996,4924.530000000001,460.19999999999993,299.4,71.07000000000001
Karnataka,2013,6063.299999999999,73.6,5089.7,6063.299999999999,555.8,331.9,52.4
Karnataka,2014,5625.4,58.0,4439.900000000001,5625.4,544.8,519.0,72.8
Karnataka,2015,4770.4,90.89999999999999,3490.7999999999997,4770.4,643.8,524.4,27.1
Karnataka,2016,3932.0,14.7,3465.2,3932.0,154.60000000000002,259.9,42.9
Karnataka,2017,4748.9,36.1,3778.8999999999996,4748.9,550.0,368.2,21.9
Karnataka,2018,4748.9,36.1,3778.8999999999996,4748.9,550.0,368.2,21.9
Karnataka,2019,4748.9,36.1,3778.8999999999996,4748.9,550.0,368.2,21.9
Kerala,1997,3252.4,39.7,2342.8999999999996,3252.4,587.3,194.2,92.0
Kerala,1998,3151.5,16.2,2263.3,3151.5,579.8,212.7,87.5
Kerala,1999,2914.6,47.0,1661.9999999999998,2914.6,636.0,564.8,30.5
Kerala,2000,2412.6,91.0,1739.3,2412.6,292.29999999999995,220.8,138.6
Kerala,2001,2931.1,51.8,1891.8999999999999,2931.1,500.6,476.6,54.900000000000006
Kerala,2002,2507.4,49.1,1359.0,2507.4,649.2,448.1,15.5
Kerala,2003,2394.9,133.7,1542.6,2394.9,483.4,225.4,61.3
Kerala,2004,2886.1,48.4,1669.4999999999998,2886.1,441.3,724.1,13.2
Kerala,2005,3031.1,52.1,2157.6,3031.1,424.4,340.70000000000005,83.2
Kerala,2006,3420.6,99.3,2193.8,3420.6,539.2,586.5,10.4
Kerala,2007,3489.6,13.399999999999999,2688.5,3489.6,444.6,331.2,18.0
Kerala,2008,2524.5,248.29999999999998,1671.0,2524.5,398.79999999999995,189.60000000000002,48.1
Kerala,2009,2810.6,67.4,1958.8999999999999,2810.6,479.59999999999997,260.6,49.0
Kerala,2010,3131.8,51.0,1928.1,3131.8,776.5,329.5,66.4
Kerala,2011,3035.1,90.30000000000001,2209.2,3035.1,396.9,289.4,115.7
Kerala,2012,2151.1,39.4,1535.6,2151.1,300.4,266.4,27.8
Kerala,2013,3255.4,93.9,2561.2,3255.4,414.79999999999995,168.6,61.0
Kerala,2014,3046.4,32.8,2164.9,3046.4,455.0,346.7,62.10000000000001
Kerala,2015,2600.6,59.0,1514.6999999999998,2600.6,531.7,415.9,88.3
Kerala,2016,1870.9,41.8,1352.3,1870.9,163.0,291.7,41.4
Kerala,2017,2664.9,100.8,1856.4,2664.9,380.1,266.1,74.39999999999999
Kerala,2018,2664.9,100.8,1856.4,2664.9,380.1,266.1,74.39999999999999
Kerala,2019,2664.9,100.8,1856.4,2664.9,380.1,266.1,74.39999999999999
Madhya Pradesh,1997,2415.3999999999996,8.3,1968.6999999999998,2415.3999999999996,225.5,16.4,203.5
Madhya Pradesh,1998,1940.3,71.5,1758.9,1940.3,99.3,10.6,38.5
Madhya Pradesh,1999,2496.6000000000004,54.599999999999994,2267.2,2496.6000000000004,165.5,9.3,54.599999999999994
Madhya Pradesh,2000,1811.4699999999998,8.805,1446.5,1811.4699999999998,3.0,37.7,8.805000000000001
Madhya Pradesh,2001,1957.1,8.7,1717.3999999999999,1957.1,173.2,57.8,5.199999999999999
Madhya Pradesh,2002,1634.3000000000002,54.2,1506.6,1634.3000000000002,60.5,11.0,53.5
Madhya Pradesh,2003,2384.5,84.80000000000001,2269.3,2384.5,22.1,2.7,87.9
Madhya Pradesh,2004,1803.4,37.0,1679.5,1803.4,75.2,10.8,37.8
Madhya Pradesh,2005,2118.6000000000004,102.30000000000001,1928.6000000000001,2118.6000000000004,28.900000000000002,53.1,68.4
Madhya Pradesh,2006,2112.6,94.6,1906.0,2112.6,47.599999999999994,58.300000000000004,6.0
Madhya Pradesh,2007,1460.3,57.699999999999996,1339.7000000000003,1460.3,36.400000000000006,24.299999999999997,48.599999999999994
Madhya Pradesh,2008,1794.3000000000002,17.3,1723.6,1794.3000000000002,38.9,14.1,6.3
Madhya Pradesh,2009,1820.9,23.200000000000003,1442.3000000000002,1820.9,303.1,14.2,59.4
Madhya Pradesh,2010,1736.6999999999998,21.8,1655.3,1736.6999999999998,52.7,2.9,25.0
Madhya Pradesh,2011,2339.1000000000004,4.6,2316.0,2339.1000000000004,1.3,17.200000000000003,4.2
Madhya Pradesh,2012,2088.3,46.900000000000006,2013.8999999999999,2088.3,18.6,6.3,49.00000000000001
Madhya Pradesh,2013,2918.2,100.80000000000001,2607.2,2918.2,193.7,13.0,81.6
Madhya Pradesh,2014,1789.8,164.2,1518.2,1789.8,68.3,10.399999999999999,170.5
Madhya Pradesh,2015,1981.5,221.8,1659.6,1981.5,50.7,47.400000000000006,96.8
Madhya Pradesh,2016,2438.0,47.7,2292.7,2438.0,69.6,28.0,27.700000000000003
Madhya Pradesh,2017,1609.1,21.3,1533.8,1609.1,33.4,18.5,19.8
Madhya Pradesh,2018,1609.1,21.3,1533.8,1609.1,33.4,18.5,19.8
Madhya Pradesh,2019,1609.1,21.3,1533.8,1609.1,33.4,18.5,19.8
Maharashtra,1997,2830.7,41.6,2066.5,2830.7,479.2,70.9,200.8
Maharashtra,1998,3289.5,48.300000000000004,2708.5,3289.5,482.6,50.199999999999996,28.1
Maharashtra,1999,2898.4,34.099999999999994,2370.7000000000003,2898.4,403.0,90.5,33.8
Maharashtra,2000,2491.2,23.0,2296.4,2491.2,101.7,65.8,26.5
Maharashtra,2001,2639.6,34.7,2117.9,2639.6,436.4,49.900000000000006,19.2
Maharashtra,2002,2388.2,23.6,2181.1,2388.2,130.5,53.099999999999994,20.9
Maharashtra,2003,2511.3,18.2,2327.3,2511.3,103.4,59.9,13.0
Maharashtra,2004,2440.1,23.700000000000003,2144.3,2440.1,170.0,101.7,17.9
Maharashtra,2005,3376.3999999999996,120.20000000000002,2978.6,3376.3999999999996,250.4,27.099999999999998,100.0
Maharashtra,2006,3484.2,88.4,3095.0,3484.2,192.7,107.89999999999999,0.0
Maharashtra,2007,2922.0,4.6,2849.2,2922.0,45.5,22.7,3.1000000000000005
Maharashtra,2008,2429.8,54.2,2241.8,2429.8,119.69999999999999,12.899999999999999,3.4000000000000004
Maharashtra,2009,2381.4,4.1,1893.9,2381.4,445.5,24.2,15.700000000000001
Maharashtra,2010,3377.2,41.3,2984.5,3377.2,333.0,15.2,32.39999999999999
Maharashtra,2011,2409.3,6.3999999999999995,2287.7999999999997,2409.3,92.3,22.8,5.3
Maharashtra,2012,2324.2,3.2,2104.5,2324.2,208.7,8.1,3.2
Maharashtra,2013,3370.4,43.1,2986.8,3370.4,297.0,29.3,50.3
Maharashtra,2014,2306.0,196.6,1898.9,2306.0,128.89999999999998,62.8,62.3
Maharashtra,2015,2170.5,184.4,1762.8999999999999,2170.5,95.8,126.80000000000001,45.2
Maharashtra,2016,3019.1,47.7,2695.1,3019.1,239.3,35.9,10.8
Maharashtra,2017,2553.0,11.4,2225.8999999999996,2553.0,278.4,29.4,8.0
Maharashtra,2018,2553.0,11.4,2225.8999999999996,2553.0,278.4,29.4,8.0
Maharashtra,2019,2553.0,11.4,2225.8999999999996,2553.0,278.4,29.4,8.0
Meghalaya,1997,2372.2,150.7,1763.3999999999999,2372.2,49.0,373.70000000000005,94.3
Meghalaya,1998,2803.1,180.10000000000002,1947.3999999999999,2803.1,238.9,436.29999999999995,43.7
Meghalaya,1999,2594.2,41.6,1710.1000000000001,2594.2,222.7,617.4,5.199999999999999
Meghalaya,2000,2487.0,100.10000000000001,1666.6,2487.0,106.10000000000001,613.6,34.599999999999994
Meghalaya,2001,2178.4,76.1,1413.3,2178.4,221.9,465.0,47.5
Meghalaya,2002,2392.7,109.19999999999999,1589.8,2392.7,118.9,566.8,33.800000000000004
Meghalaya,2003,2434.1,147.9,1573.3,2434.1,244.8,449.6,69.6
Meghalaya,2004,2994.3,107.6,1849.7,2994.3,347.3,683.0,41.4
Meghalaya,2005,2468.3,225.5,1525.2,2468.3,227.5,488.7,54.6
Meghalaya,2006,1898.6,62.400000000000006,1208.2,1898.6,122.69999999999999,494.7,52.3
Meghalaya,2007,2752.8,98.7,1975.1000000000001,2752.8,212.39999999999998,462.5,79.2
Meghalaya,2008,2339.7,151.7,1683.9,2339.7,135.6,366.79999999999995,45.8
Meghalaya,2009,2068.2,64.4,1473.5,2068.2,144.9,381.4,23.5
Meghalaya,2010,2711.5,103.19999999999999,1690.1000000000001,2711.5,127.8,782.7,11.2
Meghalaya,2011,1743.4,131.5,1236.0,1743.4,42.1,330.4,26.0
Meghalaya,2012,2609.4,50.900000000000006,1874.8000000000002,2609.4,216.5,464.90000000000003,24.4
Meghalaya,2013,1816.4,54.7,1173.0,1816.4,127.3,459.5,12.7
Meghalaya,2014,2206.1,59.6,1705.6000000000001,2206.1,38.0,402.6,30.7
Meghalaya,2015,2470.9,66.4,1729.4,2470.9,76.6,583.4,44.1
Meghalaya,2016,2266.9,98.89999999999999,1323.9,2266.9,174.7,661.8,42.199999999999996
Meghalaya,2017,2711.7,156.2,1742.7000000000003,2711.7,222.4,579.3,50.5
Meghalaya,2018,2711.7,156.2,1742.7000000000003,2711.7,222.4,579.3,50.5
Meghalaya,2019,2711.7,156.2,1742.7000000000003,2711.7,222.4,579.3,50.5
Odisha,1997,1504.5,55.099999999999994,1215.5,1504.5,64.4,110.8,81.99999999999999
Odisha,1998,1357.1,112.19999999999999,934.8,1357.1,213.39999999999998,96.8,59.8
Odisha,1999,1484.3,1.7,1085.4,1484.3,229.3,168.0,0.7999999999999999
Odisha,2000,1097.2,35.3,937.6,1097.2,28.200000000000003,96.0,34.3
Odisha,2001,1672.5,34.099999999999994,1433.2,1672.5,105.5,99.7,1.7999999999999998
Odisha,2002,1102.8,25.0,930.3,1102.8,54.9,92.6,11.899999999999999
Odisha,2003,1648.2,37.900000000000006,1235.8,1648.2,298.4,47.3,45.1
Odisha,2004,1290.4,21.200000000000003,1038.8999999999999,1290.4,151.4,78.9,14.8
Odisha,2005,1503.4,57.7,1153.5,1503.4,219.3,65.8,40.5
Odisha,2006,1716.9,30.099999999999998,1508.8,1716.9,47.4,130.6,0.2
Odisha,2007,1633.8,41.2,1428.4,1633.8,80.4,83.8,33.2
Odisha,2008,1538.9,55.4,1393.2,1538.9,24.8,65.6,37.9
Odisha,2009,1330.3,5.1,1122.6999999999998,1330.3,133.1,69.3,2.5
Odisha,2010,1291.9,15.6,970.0,1291.9,168.6,100.8,47.2
Odisha,2011,1346.2,24.799999999999997,1167.0,1346.2,20.3,133.8,20.3
Odisha,2012,1405.9,55.3,1153.3,1405.9,138.1,56.099999999999994,57.5
Odisha,2013,1632.4,13.2,1115.6,1632.4,392.2,111.30000000000001,11.1
Odisha,2014,1536.9,42.7,1255.8000000000002,1536.9,114.0,123.60000000000001,18.5
Odisha,2015,1210.1,28.9,1034.4,1210.1,30.9,100.19999999999999,34.0
Odisha,2016,1253.5,34.099999999999994,1031.5,1253.5,103.9,83.5,19.4
Odisha,2017,1344.5,31.5,1053.1000000000001,1344.5,191.1,63.900000000000006,6.5
Odisha,2018,1344.5,31.5,1053.1000000000001,1344.5,191.1,63.900000000000006,6.5
Odisha,2019,1344.5,31.5,1053.1000000000001,1344.5,191.1,63.900000000000006,6.5
Punjab,1997,690.1,28.799999999999997,485.2,690.1,67.8,66.19999999999999,62.0
Punjab,1998,588.6,84.1,432.6,588.6,49.9,21.8,58.8
Punjab,1999,364.4,53.3,287.9,364.4,0.6,22.6,49.2
Punjab,2000,405.3,58.9,326.9,405.3,0.7,16.6,54.2
Punjab,2001,441.0,16.3,357.09999999999997,441.0,2.4,61.4,13.9
Punjab,2002,274.7,15.8,228.5,274.7,2.6,24.1,12.7
Punjab,2003,424.6,86.4,324.29999999999995,424.6,2.2,6.9,72.0
Punjab,2004,351.7,38.1,234.00000000000003,351.7,32.0,42.7,43.1
Punjab,2005,552.0,124.69999999999999,413.29999999999995,552.0,0.4,13.600000000000001,96.1
Punjab,2006,647.7,64.8,504.8,647.7,38.0,33.4,25.4
Punjab,2007,594.8,118.2,448.59999999999997,594.8,1.5,15.9,80.6
Punjab,2008,717.1,16.1,629.3999999999999,717.1,10.5,60.3,17.0
Punjab,2009,361.2,34.3,300.09999999999997,361.2,6.7,19.6,24.200000000000003
Punjab,2010,451.5,19.5,395.1,451.5,5.800000000000001,6.7,42.0
Punjab,2011,705.2,47.3,617.5,705.2,1.0,36.7,41.7
Punjab,2012,493.6,67.7,379.5,493.6,2.6,32.7,76.8
Punjab,2013,586.6,71.0,479.69999999999993,586.6,22.299999999999997,7.0,66.0
Punjab,2014,382.7,72.2,244.60000000000002,382.7,6.7,45.3,56.0
Punjab,2015,510.8,117.5,336.3,510.8,9.8,46.5,49.7
Punjab,2016,444.0,47.1,367.9,444.0,2.4,25.6,13.6
Punjab,2017,497.5,59.9,390.09999999999997,497.5,5.2,24.6,63.099999999999994
Punjab,2018,497.5,59.9,390.09999999999997,497.5,5.2,24.6,63.099999999999994
Punjab,2019,497.5,59.9,390.09999999999997,497.5,5.2,24.6,63.099999999999994
Rajasthan,1997,919.0,9.5,717.4,919.0,112.69999999999999,55.3,26.4
Rajasthan,1998,755.4000000000001,18.7,626.8,755.4000000000001,97.70000000000002,12.1,10.5
Rajasthan,1999,612.7,16.299999999999997,527.5999999999999,612.7,23.1,45.699999999999996,16.1
Rajasthan,2000,675.3,2.5999999999999996,640.0999999999999,675.3,2.0,30.700000000000003,2.0
Rajasthan,2001,836.5,3.0,748.7,836.5,16.5,62.599999999999994,8.4
Rajasthan,2002,377.70000000000005,16.599999999999998,323.79999999999995,377.70000000000005,4.2,22.4,26.0
Rajasthan,2003,994.7,50.5,935.6,994.7,0.30000000000000004,5.9,51.599999999999994
Rajasthan,2004,802.9000000000001,4.9,727.5,802.9000000000001,46.599999999999994,22.3,6.6
Rajasthan,2005,828.7,34.0,762.5,828.7,0.1,31.8,19.6
Rajasthan,2006,1109.7,28.799999999999997,1044.6,1109.7,8.2,25.200000000000003,3.0
Rajasthan,2007,886.5,85.0,786.7,886.5,0.1,13.1,53.8
Rajasthan,2008,968.7,3.2,876.8000000000001,968.7,6.2,74.0,10.299999999999999
Rajasthan,2009,574.5,14.1,526.6,574.5,18.299999999999997,15.1,7.0
Rajasthan,2010,1162.6,9.0,1067.6,1162.6,71.3,4.7,18.1
Rajasthan,2011,1220.8,24.7,1181.0,1220.8,0.1,14.9,23.0
Rajasthan,2012,1020.9000000000001,2.4,982.4,1020.9000000000001,2.4,33.0,3.1
Rajasthan,2013,1225.5,58.099999999999994,1115.1,1225.5,43.0,9.0,53.8
Rajasthan,2014,985.6999999999999,52.5,881.1,985.6999999999999,3.9000000000000004,47.099999999999994,42.5
Rajasthan,2015,1109.1,100.69999999999999,940.9,1109.1,6.7,60.1,15.3
Rajasthan,2016,1207.6,13.2,1129.8000000000002,1207.6,50.7,13.9,2.7
Rajasthan,2017,1008.5999999999999,24.4,932.8,1008.5999999999999,1.0,45.2,19.9
Rajasthan,2018,1008.5999999999999,24.4,932.8,1008.5999999999999,1.0,45.2,19.9
Rajasthan,2019,1008.5999999999999,24.4,932.8,1008.5999999999999,1.0,45.2,19.9
Tamil Nadu,1997,950.5,10.2,286.3,950.5,427.6,91.2,143.09999999999997
Tamil Nadu,1998,1079.7,16.700000000000003,419.6,1079.7,366.7,79.4,210.0
Tamil Nadu,1999,922.6,36.300000000000004,249.6,922.6,451.7,131.4,86.0
Tamil Nadu,2000,972.0,114.2,403.9,972.0,268.9,96.30000000000001,193.7
Tamil Nadu,2001,483.4,45.7,149.6,483.4,121.8,138.8,60.300000000000004
Tamil Nadu,2002,318.0,28.9,94.2,318.0,140.9,41.8,37.2
Tamil Nadu,2003,348.5,22.4,136.6,348.5,145.5,36.900000000000006,11.5
Tamil Nadu,2004,1037.6,6.5,413.2,1037.6,475.6,117.3,28.5
Tamil Nadu,2005,1365.3,39.599999999999994,334.8,1365.3,633.9,208.6,163.7
Tamil Nadu,2006,927.9,67.9,280.5,927.9,455.5,97.80000000000001,41.60000000000001
Tamil Nadu,2007,1067.2,16.5,399.70000000000005,1067.2,328.1,102.9,234.6
Tamil Nadu,2008,1203.4,205.5,321.4,1203.4,541.2,85.2,90.9
Tamil Nadu,2009,928.5,48.9,280.4,928.5,376.8,116.19999999999999,114.10000000000001
Tamil Nadu,2010,1095.2,13.9,365.4,1095.2,476.70000000000005,114.80000000000001,136.5
Tamil Nadu,2011,926.5,23.5,306.4,926.5,430.9,124.9,56.5
Tamil Nadu,2012,636.1,5.6,259.5,636.1,279.7,77.4,17.1
Tamil Nadu,2013,741.9,64.8,321.5,741.9,240.2,62.3,88.0
Tamil Nadu,2014,913.0,21.6,315.0,913.0,363.0,147.4,79.5
Tamil Nadu,2015,1204.6,32.3,285.9,1204.6,512.4,221.2,163.40000000000003
Tamil Nadu,2016,535.0,6.4,253.9,535.0,99.6,108.8,69.8
Tamil Nadu,2017,973.0,73.8,414.6,973.0,297.0,90.8,135.2
Tamil Nadu,2018,973.0,73.8,414.6,973.0,297.0,90.8,135.2
Tamil Nadu,2019,973.0,73.8,414.6,973.0,297.0,90.8,135.2
Tripura,1997,2212.0,169.4,1568.0,2212.0,66.4,367.0,76.3
Tripura,1998,2225.4,196.10000000000002,1367.8,2225.4,144.4,516.8,60.0
Tripura,1999,2233.0,35.7,1510.8999999999999,2233.0,244.2,423.8,20.5
Tripura,2000,2363.9,177.7,1357.8999999999999,2363.9,209.39999999999998,617.8,49.7
Tripura,2001,2149.0,87.19999999999999,1332.6,2149.0,331.79999999999995,397.4,48.6
Tripura,2002,2242.3,85.2,1397.8999999999999,2242.3,170.8,582.5,28.5
Tripura,2003,2162.2,93.3,1423.4,2162.2,180.2,424.5,56.199999999999996
Tripura,2004,2353.7,18.5,1643.1,2353.7,139.1,552.5,8.0
Tripura,2005,1836.7,140.0,1141.1999999999998,1836.7,209.9,335.1,31.9
Tripura,2006,1872.0,18.5,1253.3,1872.0,103.4,493.29999999999995,16.7
Tripura,2007,2538.2,91.3,1676.6999999999998,2538.2,263.1,497.1,72.7
Tripura,2008,1748.9,94.1,1243.0,1748.9,154.89999999999998,255.70000000000002,45.7
Tripura,2009,1737.7,30.7,1219.9,1737.7,184.29999999999998,302.6,3.4000000000000004
Tripura,2010,2295.2,94.7,1482.1,2295.2,229.39999999999998,455.5,42.4
Tripura,2011,1892.1,67.6,1313.3999999999999,1892.1,95.0,416.0,16.4
Tripura,2012,1922.9,55.0,1267.7,1922.9,192.9,407.0,35.099999999999994
Tripura,2013,1557.2,25.6,995.1999999999999,1557.2,125.89999999999999,409.2,7.1
Tripura,2014,1599.9,47.599999999999994,1237.1999999999998,1599.9,72.89999999999999,242.1,22.3
Tripura,2015,1922.4,50.2,1287.6000000000001,1922.4,122.60000000000001,451.8,38.599999999999994
Tripura,2016,1956.4,99.6,1229.0,1956.4,205.0,421.1,43.7
Tripura,2017,2805.4,138.0,1829.7,2805.4,295.20000000000005,474.3,80.8
Tripura,2018,2805.4,138.0,1829.7,2805.4,295.20000000000005,474.3,80.8
Tripura,2019,2805.4,138.0,1829.7,2805.4,295.20000000000005,474.3,80.8
Uttar Pradesh,1997,1607.1,37.3,1266.1000000000001,1607.1,90.00000000000001,144.39999999999998,89.2
Uttar Pradesh,1998,2213.5,117.6,1892.9,2213.5,141.8,61.3,54.5
Uttar Pradesh,1999,2083.6,69.7,1848.3,2083.6,110.3,52.2,71.4
Uttar Pradesh,2000,2102.6,91.8,1890.7000000000003,2102.6,19.8,98.9,87.2
Uttar Pradesh,2001,2121.0,41.4,1832.4,2121.0,106.69999999999999,140.1,30.6
Uttar Pradesh,2002,1671.5,149.8,1361.8999999999999,1671.5,31.0,107.0,160.2
Uttar Pradesh,2003,2741.5,163.4,2504.2000000000003,2741.5,9.2,30.400000000000002,188.2
Uttar Pradesh,2004,1876.5,71.6,1520.0,1876.5,148.4,135.0,73.1
Uttar Pradesh,2005,2015.5,168.4,1787.4,2015.5,28.5,27.3,109.1
Uttar Pradesh,2006,1492.3,64.2,1289.3,1492.3,32.699999999999996,98.4,10.6
Uttar Pradesh,2007,1760.3000000000002,293.8,1388.1,1760.3000000000002,16.8,57.8,194.40000000000003
Uttar Pradesh,2008,2463.6,10.2,2284.7,2463.6,33.9,134.20000000000002,9.6
Uttar Pradesh,2009,1554.8000000000002,24.0,1287.4,1554.8000000000002,162.60000000000002,74.3,22.5
Uttar Pradesh,2010,2153.4,44.8,2018.1,2153.4,42.1,31.1,61.1
Uttar Pradesh,2011,2070.6,55.99999999999999,1905.8000000000002,2070.6,1.7999999999999998,105.1,45.5
Uttar Pradesh,2012,1383.7,49.4,1299.8,1383.7,4.6,23.6,50.7
Uttar Pradesh,2013,2435.4,240.40000000000003,1991.1000000000001,2435.4,173.4,18.2,241.0
Uttar Pradesh,2014,1493.6,246.0,1056.7,1493.6,100.0,56.5,215.5
Uttar Pradesh,2015,1621.3,278.7,1203.5,1621.3,27.200000000000003,104.1,100.0
Uttar Pradesh,2016,1963.2,52.400000000000006,1773.8,1963.2,40.7,95.4,12.799999999999999
Uttar Pradesh,2017,1701.8000000000002,87.4,1546.0,1701.8000000000002,5.4,57.300000000000004,73.2
Uttar Pradesh,2018,1701.8000000000002,87.4,1546.0,1701.8000000000002,5.4,57.300000000000004,73.2
Uttar Pradesh,2019,1701.8000000000002,87.4,1546.0,1701.8000000000002,5.4,57.300000000000004,73.2
Uttarakhand,1997,803.4,88.2,529.5,803.4,20.700000000000003,146.6,75.5
Uttarakhand,1998,1198.6,184.2,786.2,1198.6,76.7,151.5,78.0
Uttarakhand,1999,1185.5,45.8,1051.3,1185.5,32.1,51.7,49.1
Uttarakhand,2000,1712.9,137.20000000000002,1465.3999999999999,1712.9,8.1,101.4,100.0
Uttarakhand,2001,1544.4,134.0,1230.3,1544.4,7.699999999999999,157.3,65.69999999999999
Uttarakhand,2002,1574.7,277.0,1112.0,1574.7,22.9,158.6,181.2
Uttarakhand,2003,1734.3,266.4,1316.6000000000001,1734.3,6.6,121.19999999999999,190.3
Uttarakhand,2004,1219.6,70.2,954.6999999999998,1219.6,71.5,117.5,75.9
Uttarakhand,2005,1348.2,201.5,1061.1999999999998,1348.2,16.3,64.9,151.6
Uttarakhand,2006,1178.9,130.0,823.6,1178.9,25.6,172.7,85.3
Uttarakhand,2007,1924.3,263.7,1491.1999999999998,1924.3,32.9,119.9,157.3
Uttarakhand,2008,1363.7,85.4,1082.3,1363.7,35.0,160.3,67.9
Uttarakhand,2009,847.8,48.2,608.6,847.8,93.89999999999999,96.0,30.3
Uttarakhand,2010,1424.0,77.3,1253.9,1424.0,12.5,60.8,93.0
Uttarakhand,2011,1564.7,114.1,1328.5,1564.7,4.6,115.1,98.4
Uttarakhand,2012,1223.9,78.8,1073.2,1223.9,8.1,48.300000000000004,66.2
Uttarakhand,2013,1735.4,283.3,1372.9999999999998,1735.4,32.300000000000004,42.9,265.1
Uttarakhand,2014,1287.4,214.20000000000002,897.6999999999999,1287.4,40.8,90.5,190.1
Uttarakhand,2015,1247.6,244.39999999999998,881.5000000000001,1247.6,19.2,95.3,124.30000000000001
Uttarakhand,2016,1308.6,80.5,1102.7,1308.6,12.7,109.2,38.2
Uttarakhand,2017,1476.0,94.6,1198.9,1476.0,3.0,161.0,68.4
Uttarakhand,2018,1476.0,94.6,1198.9,1476.0,3.0,161.0,68.4
Uttarakhand,2019,1476.0,94.6,1198.9,1476.0,3.0,161.0,68.4
West Bengal,1997,4209.1,213.10000000000002,3312.5,4209.1,115.89999999999999,486.4,173.89999999999998
West Bengal,1998,5287.8,388.4,3858.4,5287.8,490.7,548.4,136.60000000000002
West Bengal,1999,5280.3,35.199999999999996,4055.1000000000004,5280.3,465.7,719.8,20.2
West Bengal,2000,4480.1,173.2,3341.7000000000003,4480.1,183.3,780.6,115.6
West Bengal,2001,4153.2,109.7,2838.7,4153.2,491.80000000000007,707.2,32.6
West Bengal,2002,4160.3,190.1,3142.2,4160.3,206.8,610.3,78.80000000000001
West Bengal,2003,4220.0,268.5,2823.2,4220.0,589.8,501.3,145.3
West Bengal,2004,4284.1,91.7,3172.5,4284.1,428.1,586.7,41.5
West Bengal,2005,4412.6,294.0,2947.8,4412.6,631.6,533.7,84.5
West Bengal,2006,3922.6,71.9,3077.0,3922.6,194.3,571.1,29.700000000000003
West Bengal,2007,4580.3,230.2,3666.7000000000003,4580.3,168.7,512.6,146.29999999999998
West Bengal,2008,4245.1,208.39999999999998,3389.5999999999995,4245.1,187.10000000000002,450.40000000000003,126.80000000000001
West Bengal,2009,3639.6,123.0,2524.2999999999997,3639.6,330.9,655.5,56.0
West Bengal,2010,3677.1000000000004,121.3,2691.7000000000003,3677.1000000000004,176.60000000000002,655.9,67.60000000000001
West Bengal,2011,4105.2,145.3,3252.2,4105.2,111.6,590.4,39.300000000000004
West Bengal,2012,3900.2,135.1,3026.0,3900.2,243.10000000000002,464.1,117.20000000000002
West Bengal,2013,4170.2,76.0,2869.6,4170.2,569.1,652.7,41.8
West Bengal,2014,3584.0,127.5,2877.0,3584.0,93.5,482.8,72.9
West Bengal,2015,4048.8999999999996,133.2,3187.9,4048.8999999999996,112.4,599.9000000000001,64.4
West Bengal,2016,4051.8,189.2,3164.9,4051.8,244.6,452.8,75.9
West Bengal,2017,4253.5,129.29999999999998,3186.1,4253.5,417.4,505.70000000000005,24.5
West Bengal,2018,4253.5,129.29999999999998,3186.1,4253.5,417.4,505.70000000000005,24.5
West Bengal,2019,4253.5,129.29999999999998,3186.1,4253.5,417.4,505.70000000000005,24.5
Assam,1997,2372.2,150.7,1763.3999999999999,2372.2,49.0,373.70000000000005,94.3
Assam,1998,2803.1,180.10000000000002,1947.3999999999999,2803.1,238.9,436.29999999999995,43.7
Assam,1999,2594.2,41.6,1710.1000000000001,2594.2,222.7,617.4,5.199999999999999
Assam,2000,2487.0,100.10000000000001,1666.6,2487.0,106.10000000000001,613.6,34.599999999999994
Assam,2001,2178.4,76.1,1413.3,2178.4,221.9,465.0,47.5
Assam,2002,2392.7,109.19999999999999,1589.8,2392.7,118.9,566.8,33.800000000000004
Assam,2003,2434.1,147.9,1573.3,2434.1,244.8,449.6,69.6
Assam,2004,2994.3,107.6,1849.7,2994.3,347.3,683.0,41.4
Assam,2005,2468.3,225.5,1525.2,2468.3,227.5,488.7,54.6
Assam,2006,1898.6,62.400000000000006,1208.2,1898.6,122.69999999999999,494.7,52.3
Assam,2007,2752.8,98.7,1975.1000000000001,2752.8,212.39999999999998,462.5,79.2
Assam,2008,2339.7,151.7,1683.9,2339.7,135.6,366.79999999999995,45.8
Assam,2009,2068.2,64.4,1473.5,2068.2,144.9,381.4,23.5
Assam,2010,2711.5,103.19999999999999,1690.1000000000001,2711.5,127.8,782.7,11.2
Assam,2011,1743.4,131.5,1236.0,1743.4,42.1,330.4,26.0
Assam,2012,2609.4,50.900000000000006,1874.8000000000002,2609.4,216.5,464.90000000000003,24.4
Assam,2013,1816.4,54.7,1173.0,1816.4,127.3,459.5,12.7
Assam,2014,2206.1,59.6,1705.6000000000001,2206.1,38.0,402.6,30.7
Assam,2015,2470.9,66.4,1729.4,2470.9,76.6,583.4,44.1
Assam,2016,2266.9,98.89999999999999,1323.9,2266.9,174.7,661.8,42.199999999999996
Assam,2017,2711.7,156.2,1742.7000000000003,2711.7,222.4,579.3,50.5
Assam,2018,2711.7,156.2,1742.7000000000003,2711.7,222.4,579.3,50.5
Assam,2019,2711.7,156.2,1742.7000000000003,2711.7,222.4,579.3,50.5
Haryana,1997,690.1,28.799999999999997,485.2,690.1,67.8,66.19999999999999,62.0
Haryana,1998,588.6,84.1,432.6,588.6,49.9,21.8,58.8
Haryana,1999,364.4,53.3,287.9,364.4,0.6,22.6,49.2
Haryana,2000,405.3,58.9,326.9,405.3,0.7,16.6,54.2
Haryana,2001,441.0,16.3,357.09999999999997,441.0,2.4,61.4,13.9
Haryana,2002,274.7,15.8,228.5,274.7,2.6,24.1,12.7
Haryana,2003,424.6,86.4,324.29999999999995,424.6,2.2,6.9,72.0
Haryana,2004,351.7,38.1,234.00000000000003,351.7,32.0,42.7,43.1
Haryana,2005,552.0,124.69999999999999,413.29999999999995,552.0,0.4,13.600000000000001,96.1
Haryana,2006,647.7,64.8,504.8,647.7,38.0,33.4,25.4
Haryana,2007,594.8,118.2,448.59999999999997,594.8,1.5,15.9,80.6
Haryana,2008,717.1,16.1,629.3999999999999,717.1,10.5,60.3,17.0
Haryana,2009,361.2,34.3,300.09999999999997,361.2,6.7,19.6,24.200000000000003
Haryana,2010,451.5,19.5,395.1,451.5,5.800000000000001,6.7,42.0
Haryana,2011,705.2,47.3,617.5,705.2,1.0,36.7,41.7
Haryana,2012,493.6,67.7,379.5,493.6,2.6,32.7,76.8
Haryana,2013,586.6,71.0,479.69999999999993,586.6,22.299999999999997,7.0,66.0
Haryana,2014,382.7,72.2,244.60000000000002,382.7,6.7,45.3,56.0
Haryana,2015,510.8,117.5,336.3,510.8,9.8,46.5,49.7
Haryana,2016,444.0,47.1,367.9,444.0,2.4,25.6,13.6
Haryana,2017,497.5,59.9,390.09999999999997,497.5,5.2,24.6,63.099999999999994
Haryana,2018,497.5,59.9,390.09999999999997,497.5,5.2,24.6,63.099999999999994
Haryana,2019,497.5,59.9,390.09999999999997,497.5,5.2,24.6,63.099999999999994
Manipur,1997,2212.0,169.4,1568.0,2212.0,66.4,367.0,76.3
Manipur,1998,2225.4,196.10000000000002,1367.8,2225.4,144.4,516.8,60.0
Manipur,1999,2233.0,35.7,1510.8999999999999,2233.0,244.2,423.8,20.5
Manipur,2000,2363.9,177.7,1357.8999999999999,2363.9,209.39999999999998,617.8,49.7
Manipur,2001,2149.0,87.19999999999999,1332.6,2149.0,331.79999999999995,397.4,48.6
Manipur,2002,2242.3,85.2,1397.8999999999999,2242.3,170.8,582.5,28.5
Manipur,2003,2162.2,93.3,1423.4,2162.2,180.2,424.5,56.199999999999996
Manipur,2004,2353.7,18.5,1643.1,2353.7,139.1,552.5,8.0
Manipur,2005,1836.7,140.0,1141.1999999999998,1836.7,209.9,335.1,31.9
Manipur,2006,1872.0,18.5,1253.3,1872.0,103.4,493.29999999999995,16.7
Manipur,2007,2538.2,91.3,1676.6999999999998,2538.2,263.1,497.1,72.7
Manipur,2008,1748.9,94.1,1243.0,1748.9,154.89999999999998,255.70000000000002,45.7
Manipur,2009,1737.7,30.7,1219.9,1737.7,184.29999999999998,302.6,3.4000000000000004
Manipur,2010,2295.2,94.7,1482.1,2295.2,229.39999999999998,455.5,42.4
Manipur,2011,1892.1,67.6,1313.3999999999999,1892.1,95.0,416.0,16.4
Manipur,2012,1922.9,55.0,1267.7,1922.9,192.9,407.0,35.099999999999994
Manipur,2013,1557.2,25.6,995.1999999999999,1557.2,125.89999999999999,409.2,7.1
Manipur,2014,1599.9,47.599999999999994,1237.1999999999998,1599.9,72.89999999999999,242.1,22.3
Manipur,2015,1922.4,50.2,1287.6000000000001,1922.4,122.60000000000001,451.8,38.599999999999994
Manipur,2016,1956.4,99.6,1229.0,1956.4,205.0,421.1,43.7
Manipur,2017,2805.4,138.0,1829.7,2805.4,295.20000000000005,474.3,80.8
Manipur,2018,2805.4,138.0,1829.7,2805.4,295.20000000000005,474.3,80.8
Manipur,2019,2805.4,138.0,1829.7,2805.4,295.20000000000005,474.3,80.8
Mizoram,1997,2212.0,169.4,1568.0,2212.0,66.4,367.0,76.3
Mizoram,1998,2225.4,196.10000000000002,1367.8,2225.4,144.4,516.8,60.0
Mizoram,1999,2233.0,35.7,1510.8999999999999,2233.0,244.2,423.8,20.5
Mizoram,2000,2363.9,177.7,1357.8999999999999,2363.9,209.39999999999998,617.8,49.7
Mizoram,2001,2149.0,87.19999999999999,1332.6,2149.0,331.79999999999995,397.4,48.6
Mizoram,2002,2242.3,85.2,1397.8999999999999,2242.3,170.8,582.5,28.5
Mizoram,2003,2162.2,93.3,1423.4,2162.2,180.2,424.5,56.199999999999996
Mizoram,2004,2353.7,18.5,1643.1,2353.7,139.1,552.5,8.0
Mizoram,2005,1836.7,140.0,1141.1999999999998,1836.7,209.9,335.1,31.9
Mizoram,2006,1872.0,18.5,1253.3,1872.0,103.4,493.29999999999995,16.7
Mizoram,2007,2538.2,91.3,1676.6999999999998,2538.2,263.1,497.1,72.7
Mizoram,2008,1748.9,94.1,1243.0,1748.9,154.89999999999998,255.70000000000002,45.7
Mizoram,2009,1737.7,30.7,1219.9,1737.7,184.29999999999998,302.6,3.4000000000000004
Mizoram,2010,2295.2,94.7,1482.1,2295.2,229.39999999999998,455.5,42.4
Mizoram,2011,1892.1,67.6,1313.3999999999999,1892.1,95.0,416.0,16.4
Mizoram,2012,1922.9,55.0,1267.7,1922.9,192.9,407.0,35.099999999999994
Mizoram,2013,1557.2,25.6,995.1999999999999,1557.2,125.89999999999999,409.2,7.1
Mizoram,2014,1599.9,47.599999999999994,1237.1999999999998,1599.9,72.89999999999999,242.1,22.3
Mizoram,2015,1922.4,50.2,1287.6000000000001,1922.4,122.60000000000001,451.8,38.599999999999994
Mizoram,2016,1956.4,99.6,1229.0,1956.4,205.0,421.1,43.7
Mizoram,2017,2805.4,138.0,1829.7,2805.4,295.20000000000005,474.3,80.8
Mizoram,2018,2805.4,138.0,1829.7,2805.4,295.20000000000005,474.3,80.8
Mizoram,2019,2805.4,138.0,1829.7,2805.4,295.20000000000005,474.3,80.8
Nagaland,1997,2212.0,169.4,1568.0,2212.0,66.4,367.0,76.3
Nagaland,1998,2225.4,196.10000000000002,1367.8,2225.4,144.4,516.8,60.0
Nagaland,1999,2233.0,35.7,1510.8999999999999,2233.0,244.2,423.8,20.5
Nagaland,2000,2363.9,177.7,1357.8999999999999,2363.9,209.39999999999998,617.8,49.7
Nagaland,2001,2149.0,87.19999999999999,1332.6,2149.0,331.79999999999995,397.4,48.6
Nagaland,2002,2242.3,85.2,1397.8999999999999,2242.3,170.8,582.5,28.5
Nagaland,2003,2162.2,93.3,1423.4,2162.2,180.2,424.5,56.199999999999996
Nagaland,2004,2353.7,18.5,1643.1,2353.7,139.1,552.5,8.0
Nagaland,2005,1836.7,140.0,1141.1999999999998,1836.7,209.9,335.1,31.9
Nagaland,2006,1872.0,18.5,1253.3,1872.0,103.4,493.29999999999995,16.7
Nagaland,2007,2538.2,91.3,1676.6999999999998,2538.2,263.1,497.1,72.7
Nagaland,2008,1748.9,94.1,1243.0,1748.9,154.89999999999998,255.70000000000002,45.7
Nagaland,2009,1737.7,30.7,1219.9,1737.7,184.29999999999998,302.6,3.4000000000000004
Nagaland,2010,2295.2,94.7,1482.1,2295.2,229.39999999999998,455.5,42.4
Nagaland,2011,1892.1,67.6,1313.3999999999999,1892.1,95.0,416.0,16.4
Nagaland,2012,1922.9,55.0,1267.7,1922.9,192.9,407.0,35.099999999999994
Nagaland,2013,1557.2,25.6,995.1999999999999,1557.2,125.89999999999999,409.2,7.1
Nagaland,2014,1599.9,47.599999999999994,1237.1999999999998,1599.9,72.89999999999999,242.1,22.3
Nagaland,2015,1922.4,50.2,1287.6000000000001,1922.4,122.60000000000001,451.8,38.599999999999994
Nagaland,2016,1956.4,99.6,1229.0,1956.4,205.0,421.1,43.7
Nagaland,2017,2805.4,138.0,1829.7,2805.4,295.20000000000005,474.3,80.8
Nagaland,2018,2805.4,138.0,1829.7,2805.4,295.20000000000005,474.3,80.8
Nagaland,2019,2805.4,138.0,1829.7,2805.4,295.20000000000005,474.3,80.8
Sikkim,1997,4209.1,213.10000000000002,3312.5,4209.1,115.89999999999999,486.4,173.89999999999998
Sikkim,1998,5287.8,388.4,3858.4,5287.8,490.7,548.4,136.60000000000002
Sikkim,1999,5280.3,35.199999999999996,4055.1000000000004,5280.3,465.7,719.8,20.2
Sikkim,2000,4480.1,173.2,3341.7000000000003,4480.1,183.3,780.6,115.6
Sikkim,2001,4153.2,109.7,2838.7,4153.2,491.80000000000007,707.2,32.6
Sikkim,2002,4160.3,190.1,3142.2,4160.3,206.8,610.3,78.80000000000001
Sikkim,2003,4220.0,268.5,2823.2,4220.0,589.8,501.3,145.3
Sikkim,2004,4284.1,91.7,3172.5,4284.1,428.1,586.7,41.5
Sikkim,2005,4412.6,294.0,2947.8,4412.6,631.6,533.7,84.5
Sikkim,2006,3922.6,71.9,3077.0,3922.6,194.3,571.1,29.700000000000003
Sikkim,2007,4580.3,230.2,3666.7000000000003,4580.3,168.7,512.6,146.29999999999998
Sikkim,2008,4245.1,208.39999999999998,3389.5999999999995,4245.1,187.10000000000002,450.40000000000003,126.80000000000001
Sikkim,2009,3639.6,123.0,2524.2999999999997,3639.6,330.9,655.5,56.0
Sikkim,2010,3677.1000000000004,121.3,2691.7000000000003,3677.1000000000004,176.60000000000002,655.9,67.60000000000001
Sikkim,2011,4105.2,145.3,3252.2,4105.2,111.6,590.4,39.300000000000004
Sikkim,2012,3900.2,135.1,3026.0,3900.2,243.10000000000002,464.1,117.20000000000002
Sikkim,2013,4170.2,76.0,2869.6,4170.2,569.1,652.7,41.8
Sikkim,2014,3584.0,127.5,2877.0,3584.0,93.5,482.8,72.9
Sikkim,2015,4048.8999999999996,133.2,3187.9,4048.8999999999996,112.4,599.9000000000001,64.4
Sikkim,2016,4051.8,189.2,3164.9,4051.8,244.6,452.8,75.9
Sikkim,2017,4253.5,129.29999999999998,3186.1,4253.5,417.4,505.70000000000005,24.5
Sikkim,2018,4253.5,129.29999999999998,3186.1,4253.5,417.4,505.70000000000005,24.5
Sikkim,2019,4253.5,129.29999999999998,3186.1,4253.5,417.4,505.70000000000005,24.5
