State,Year,Rabi,Kharif,Whole Year,Autumn,Summer,Winter
Andhra Pradesh,1997,26.713014492753626,28.508206521739133,27.55360507246377,25.321101449275364,31.011246376811595,23.80669565217391
Andhra Pradesh,1998,26.433572463768115,28.992119565217394,27.476565217391304,24.86466666666667,30.284202898550724,24.15184782608696
Andhra Pradesh,1999,26.880756038647345,28.08171739130435,27.445713768115944,24.636623188405796,31.100536231884057,24.905108695652174
Andhra Pradesh,2000,26.46145410628019,27.72907608695652,27.074336956521737,24.681057971014496,30.52595652173913,24.177347826086955
Andhra Pradesh,2001,26.4160845410628,27.759521739130438,27.01032608695652,24.82359420289855,29.76572463768116,24.6589347826087
Andhra Pradesh,2002,26.867652173913044,28.03126086956522,27.409550724637683,24.452246376811594,31.13140579710145,25.019304347826086
Andhra Pradesh,2003,26.360760869565222,28.460304347826085,27.27175362318841,24.521782608695652,30.733478260869564,23.827021739130437
Andhra Pradesh,2004,26.405787439613523,28.64654347826087,27.34714492753623,24.37710144927536,30.767739130434784,24.072521739130433
Andhra Pradesh,2005,26.503763285024153,28.06011956521739,27.189478260869564,23.991072463768116,31.019608695652174,24.500608695652176
Andhra Pradesh,2006,26.26947101449275,28.76501086956522,27.313822463768112,24.99476811594203,30.09423188405797,23.719413043478262
Andhra Pradesh,2007,26.76317149758454,28.261532608695653,27.41831884057971,24.442014492753625,30.95265217391304,24.894847826086956
Andhra Pradesh,2008,26.540917874396133,28.817478260869567,27.530304347826085,25.767289855072466,30.080942028985508,23.77452173913043
Andhra Pradesh,2009,27.30935024154589,28.937521739130435,27.989282608695653,24.816014492753624,31.4491884057971,25.662847826086956
Andhra Pradesh,2010,26.671995169082123,27.977663043478262,27.297634057971017,24.739434782608694,30.88955072463768,24.386999999999997
Andhra Pradesh,2011,26.90242270531401,27.695836956521738,27.327829710144925,25.032275362318842,30.703797101449275,24.97119565217391
Andhra Pradesh,2012,27.089132850241544,28.328913043478263,27.66480797101449,25.12372463768116,31.003521739130434,25.140152173913044
Andhra Pradesh,2013,27.014550724637683,28.44332608695652,27.68095652173913,24.876971014492756,31.433898550724635,24.732782608695654
Andhra Pradesh,2014,26.80463768115942,28.74739130434783,27.661739130434785,24.87782608695652,30.870434782608694,24.665652173913042
Andhra Pradesh,2015,26.92608695652174,28.68826086956522,27.55,25.26695652173913,30.821739130434782,24.689565217391305
Andhra Pradesh,2016,27.209130434782608,28.707391304347826,27.86521739130435,24.987391304347828,31.465652173913046,25.174347826086954
Andhra Pradesh,2017,26.971884057971014,28.681304347826085,27.626956521739128,24.982608695652175,31.34608695652174,24.58695652173913
Andhra Pradesh,2018,26.912173913043475,28.38086956521739,27.687391304347823,24.8,31.3495652173913,24.58695652173913
Andhra Pradesh,2019,26.943188405797102,28.695652173913043,27.75304347826087,24.8,31.248695652173915,24.780869565217394
Arunachal Pradesh,1997,15.588848484848484,23.2195,18.37646212121212,15.649878787878787,18.45657575757576,12.66009090909091
Arunachal Pradesh,1998,15.993035353535353,23.126704545454547,18.636333333333337,16.65909090909091,18.511878787878786,12.808136363636363
Arunachal Pradesh,1999,16.236777777777778,23.323022727272726,18.854893939393943,16.707272727272727,18.838696969696972,13.164363636363635
Arunachal Pradesh,2000,15.562590909090908,23.265704545454547,18.447863636363635,15.854000000000001,19.081999999999997,11.751772727272726
Arunachal Pradesh,2001,15.810282828282828,23.197772727272728,18.51244696969697,16.68078787878788,17.81578787878788,12.934272727272726
Arunachal Pradesh,2002,15.561762626262627,23.052977272727272,18.327454545454547,15.78148484848485,18.56548484848485,12.338318181818181
Arunachal Pradesh,2003,14.84541414141414,23.143795454545455,17.951598484848486,15.31369696969697,18.457818181818183,10.764727272727272
Arunachal Pradesh,2004,15.797454545454544,23.06443181818182,18.519651515151516,16.898939393939393,18.294424242424242,12.199
Arunachal Pradesh,2005,15.792474747474747,24.04777272727273,18.801651515151516,15.614606060606059,19.059272727272727,12.703545454545456
Arunachal Pradesh,2006,15.975065656565656,23.469909090909088,18.824863636363634,16.74830303030303,19.420030303030305,11.756863636363637
Arunachal Pradesh,2007,16.35031818181818,23.63477272727273,19.079174242424244,16.922636363636364,19.386454545454544,12.741863636363638
Arunachal Pradesh,2008,15.26418181818182,23.404999999999998,18.303992424242423,16.102151515151515,18.340666666666667,11.349727272727273
Arunachal Pradesh,2009,16.568267676767675,23.677704545454546,19.275030303030302,17.724,19.455939393939392,12.524863636363637
Arunachal Pradesh,2010,17.32471717171717,23.814409090909088,19.746787878787877,17.03978787878788,20.71572727272727,14.218636363636364
Arunachal Pradesh,2011,15.747510101010102,23.619954545454547,18.65702272727273,16.605393939393938,18.314,12.323136363636364
Arunachal Pradesh,2012,16.46259595959596,23.830931818181817,19.168545454545455,16.819363636363637,19.103878787878788,13.464545454545457
Arunachal Pradesh,2013,16.270146464646466,23.753772727272725,19.00723484848485,16.661151515151516,18.78969696969697,13.35959090909091
Arunachal Pradesh,2014,16.115454545454543,23.684545454545454,18.965454545454545,16.66909090909091,18.86090909090909,12.816363636363635
Arunachal Pradesh,2015,16.32969696969697,23.61,18.990909090909092,16.533636363636365,19.017272727272726,13.438181818181818
Arunachal Pradesh,2016,16.668787878787878,23.62181818181818,19.32,17.029090909090908,19.82090909090909,13.156363636363636
Arunachal Pradesh,2017,16.80181818181818,23.627272727272725,19.342727272727274,16.757272727272724,19.920909090909092,13.727272727272727
Arunachal Pradesh,2018,16.580606060606062,23.80272727272727,19.382727272727273,16.61,19.668181818181818,13.463636363636363
Arunachal Pradesh,2019,16.177878787878786,23.69272727272727,18.939090909090908,16.61,19.14,12.783636363636363
Assam,1997,20.68192328042328,26.730654761904763,22.949285714285715,20.680571428571426,23.696698412698414,17.6685
Assam,1998,21.043510582010583,26.755261904761905,23.19527380952381,21.479222222222223,23.58195238095238,18.069357142857143
Assam,1999,21.34551058201058,26.72107142857143,23.400281746031744,22.000111111111114,23.845920634920635,18.1905
Assam,2000,20.52820634920635,26.612190476190477,22.88219841269841,20.831015873015872,24.137365079365082,16.616238095238096
Assam,2001,20.73583597883598,26.819119047619047,23.008761904761904,21.697444444444447,22.716206349206352,17.793857142857142
Assam,2002,20.53819576719577,26.72017857142857,22.864404761904762,20.754174603174604,23.50879365079365,17.35161904761905
Assam,2003,20.178462962962964,26.716011904761906,22.692003968253967,20.596619047619047,23.772603174603177,16.16616666666667
Assam,2004,20.739632275132276,26.488690476190477,22.945765873015873,21.979761904761904,22.976873015873018,17.262261904761903
Assam,2005,20.950410052910055,27.559642857142858,23.424972222222223,20.889888888888887,24.26874603174603,17.692595238095237
Assam,2006,21.314481481481483,26.973404761904764,23.545460317460318,21.930238095238096,24.83477777777778,17.178428571428572
Assam,2007,21.4340873015873,27.08715476190476,23.616714285714288,21.866190476190475,24.581238095238096,17.854833333333335
Assam,2008,20.620870370370373,27.196380952380952,23.140607142857142,21.27542857142857,23.901111111111113,16.686071428571427
Assam,2009,21.681976190476192,27.306119047619045,23.88911507936508,22.70931746031746,24.643730158730158,17.692880952380953
Assam,2010,22.431502645502647,27.36322619047619,24.319146825396825,22.207634920634924,25.58020634920635,19.506666666666668
Assam,2011,20.838433862433863,27.185571428571432,23.227218253968253,21.49374603174603,23.45998412698413,17.56157142857143
Assam,2012,21.446328042328044,27.70414285714286,23.81003968253968,21.765920634920636,24.460015873015873,18.11304761904762
Assam,2013,21.40576455026455,27.212738095238095,23.59254761904762,21.64079365079365,24.184238095238097,18.392261904761906
Assam,2014,21.18222222222222,27.277619047619048,23.56,21.684285714285714,24.232857142857142,17.629523809523807
Assam,2015,21.45539682539682,27.260952380952382,23.56714285714286,21.537142857142857,24.307142857142857,18.52190476190476
Assam,2016,21.668095238095237,27.270476190476188,23.845714285714287,22.025238095238095,24.686666666666664,18.292380952380952
Assam,2017,21.878571428571433,27.27714285714286,23.862857142857145,21.861904761904764,24.879047619047622,18.894761904761907
Assam,2018,21.681587301587303,27.48952380952381,23.959047619047617,21.61095238095238,24.803333333333335,18.63047619047619
Assam,2019,21.258412698412698,27.32,23.612857142857145,21.61095238095238,24.517619047619046,17.646666666666665
Bihar,1997,22.368800925925925,29.02877777777778,24.980039351851854,21.62775925925926,27.804796296296296,17.67384722222222
Bihar,1998,22.896970679012345,29.59954861111111,25.516300925925925,22.222824074074072,28.19276851851852,18.275319444444445
Bihar,1999,23.445368827160493,29.479569444444444,25.849425925925928,22.774870370370373,28.827749999999998,18.73348611111111
Bihar,2000,22.821478395061728,29.201562499999998,25.398215277777776,21.99487962962963,29.048583333333333,17.420972222222222
Bihar,2001,22.620851851851853,29.476097222222222,25.289219907407407,22.141055555555557,27.700083333333332,18.021416666666667
Bihar,2002,22.94225,29.113645833333333,25.384872685185186,21.75918518518519,28.751203703703702,18.31636111111111
Bihar,2003,22.37628703703704,29.560333333333332,25.285659722222224,22.167074074074076,28.76178703703704,16.200000000000003
Bihar,2004,23.106797839506175,29.647777777777776,25.62574074074074,22.31388888888889,27.963101851851853,19.04340277777778
Bihar,2005,23.009175925925927,29.499923611111107,25.57967361111111,22.087222222222223,28.81411111111111,18.126194444444444
Bihar,2006,22.995984567901235,29.540277777777778,25.616060185185187,22.487601851851853,28.768101851851853,17.73225
Bihar,2007,23.003895061728397,29.037256944444444,25.445356481481483,22.32890740740741,28.842972222222222,17.839805555555554
Bihar,2008,22.386140432098767,29.549458333333334,25.228787037037037,21.965537037037038,28.26523148148148,16.927652777777777
Bihar,2009,23.087697530864194,30.008722222222225,25.81500925925926,23.38227777777778,27.83675925925926,18.044055555555556
Bihar,2010,23.772777777777776,29.277861111111108,26.036414351851853,22.986287037037037,29.702574074074075,18.629472222222223
Bihar,2011,23.28091049382716,29.365111111111112,25.74250925925926,23.068074074074076,28.69612962962963,18.07852777777778
Bihar,2012,23.630682098765433,29.41722222222222,26.010034722222223,23.719601851851852,28.947833333333335,18.224611111111113
Bihar,2013,23.352901234567906,29.88471527777778,25.94690046296296,22.46113888888889,29.24539814814815,18.352166666666665
Bihar,2014,23.092685185185186,29.9575,25.811111111111114,22.5275,28.793611111111108,17.956944444444446
Bihar,2015,23.366203703703704,29.775555555555556,25.79361111111111,22.64888888888889,29.032222222222224,18.4175
Bihar,2016,23.224166666666665,29.852222222222224,25.89,22.855555555555554,28.5825,18.234444444444446
Bihar,2017,23.418796296296296,29.776111111111113,25.903333333333332,22.75472222222222,29.008055555555554,18.49361111111111
Bihar,2018,23.314351851851853,29.64833333333333,25.971666666666668,22.495555555555555,28.9925,18.455
Bihar,2019,23.02462962962963,29.93722222222222,25.886388888888888,22.495555555555555,29.202222222222222,17.37611111111111
Chhattisgarh,1997,24.363312500000003,28.033875,25.913666666666668,22.532083333333333,30.116541666666667,20.441312500000002
Chhattisgarh,1998,24.294305555555557,28.9486875,26.153911458333333,22.375645833333333,29.910708333333332,20.5965625
Chhattisgarh,1999,25.006704861111114,28.26271875,26.373197916666665,22.4984375,30.888833333333334,21.63284375
Chhattisgarh,2000,24.812812499999996,28.023515625,26.205828125,22.722791666666666,30.776208333333333,20.9394375
Chhattisgarh,2001,24.611385416666668,27.526953125,25.797140625,22.61,29.1795625,22.04459375
Chhattisgarh,2002,24.830493055555554,28.201359375,26.217432291666665,22.050458333333335,30.770333333333333,21.6706875
Chhattisgarh,2003,24.60117013888889,28.56546875,26.276838541666667,22.7128125,30.740354166666666,20.35034375
Chhattisgarh,2004,24.778975694444444,28.624000000000002,26.345484374999998,22.340333333333334,30.635625,21.36096875
Chhattisgarh,2005,24.991052083333333,27.64103125,26.16609375,22.552458333333334,30.930229166666667,21.49046875
Chhattisgarh,2006,24.223961805555557,28.959171875,26.136463541666664,22.9900625,29.467041666666667,20.21478125
Chhattisgarh,2007,24.891802083333335,28.467921875,26.36178125,22.211708333333334,30.90716666666667,21.55653125
Chhattisgarh,2008,24.257791666666666,28.491921875,26.036541666666665,23.412875,29.511187500000002,19.8493125
Chhattisgarh,2009,24.66316666666667,28.962609375,26.38251041666667,23.047458333333335,29.713229166666668,21.2288125
Chhattisgarh,2010,24.841440972222227,27.80771875,26.176161458333333,22.844250000000002,30.990166666666667,20.68990625
Chhattisgarh,2011,24.966798611111113,27.787078125,26.227671875,23.268208333333334,30.51475,21.1174375
Chhattisgarh,2012,25.113086805555554,27.7153125,26.307395833333334,23.662020833333333,30.486958333333334,21.19028125
Chhattisgarh,2013,25.29280208333333,28.315375,26.634109375,23.291520833333333,31.299479166666668,21.28740625
Chhattisgarh,2014,24.841458333333335,28.68625,26.361875,22.995,30.555625,20.97375
Chhattisgarh,2015,25.00375,28.5475,26.35125,23.344375,30.6275,21.039375
Chhattisgarh,2016,24.974999999999998,28.561875,26.4725,23.2125,30.63375,21.07875
Chhattisgarh,2017,24.98875,28.548125,26.404375,23.204375,30.986874999999998,20.775000000000002
Chhattisgarh,2018,24.88875,28.22,26.45625,22.90875,30.985625,20.771875
Chhattisgarh,2019,24.985416666666666,28.60375,26.43125,22.90875,31.1325,20.915
Gujarat,1997,24.75253968253968,28.006107142857143,26.151968253968253,24.407587301587302,28.87636507936508,20.973666666666666
Gujarat,1998,25.453677248677252,29.639392857142855,27.16711507936508,25.764174603174606,28.96157142857143,21.635285714285715
Gujarat,1999,25.38056349206349,28.471535714285714,26.651833333333332,24.37625396825397,29.27622222222222,22.489214285714286
Gujarat,2000,24.545417989417988,27.806928571428575,25.985801587301587,24.82290476190476,28.506492063492065,20.306857142857144
Gujarat,2001,24.82593386243386,27.75467857142857,26.04919047619048,24.40520634920635,28.210761904761902,21.861833333333333
Gujarat,2002,24.46891798941799,28.211273809523806,26.057559523809523,24.204555555555554,28.827555555555552,20.374642857142856
Gujarat,2003,24.262425925925925,28.348130952380952,25.966123015873016,24.41577777777778,28.210619047619048,20.160880952380953
Gujarat,2004,25.155402116402115,28.65139285714286,26.611015873015873,25.23128571428571,28.562920634920633,21.671999999999997
Gujarat,2005,24.82846560846561,27.521297619047623,26.028436507936508,24.133412698412698,29.15184126984127,21.200142857142858
Gujarat,2006,24.57371957671958,29.02797619047619,26.40084523809524,24.865015873015874,28.390904761904764,20.465238095238096
Gujarat,2007,25.03051851851852,28.10422619047619,26.340984126984125,24.14226984126984,29.34952380952381,21.599761904761905
Gujarat,2008,24.284753968253966,27.914571428571428,25.824853174603174,24.490238095238094,28.041190476190476,20.32283333333333
Gujarat,2009,24.88051322751323,28.537261904761905,26.444166666666668,24.674603174603174,29.223269841269843,20.743666666666666
Gujarat,2010,24.630904761904763,27.948678571428577,26.034126984126985,24.072031746031747,28.75734920634921,21.063333333333333
Gujarat,2011,24.78361111111111,28.195857142857147,26.26935714285714,25.187126984126984,28.560063492063495,20.60364285714286
Gujarat,2012,24.785743386243386,27.553940476190476,26.04158333333333,24.912650793650794,28.65612698412698,20.788452380952382
Gujarat,2013,25.09412433862434,28.097369047619047,26.46545238095238,25.234063492063495,29.39714285714286,20.65116666666667
Gujarat,2014,24.854285714285712,28.582857142857144,26.42571428571429,25.295714285714286,28.82238095238095,20.444761904761904
Gujarat,2015,24.838095238095235,28.56,26.44047619047619,24.829047619047618,28.81142857142857,20.873809523809523
Gujarat,2016,24.977460317460316,28.60142857142857,26.4,24.9247619047619,29.20619047619048,20.80142857142857
Gujarat,2017,24.96984126984127,28.55952380952381,26.355238095238096,24.82857142857143,29.123809523809523,20.95714285714286
Gujarat,2018,24.909047619047623,27.940952380952382,26.24904761904762,24.683809523809526,29.123809523809523,20.91952380952381
Gujarat,2019,24.750793650793653,28.38047619047619,26.28952380952381,24.683809523809526,29.155238095238094,20.413333333333334
Haryana,1997,20.841573099415204,30.722315789473686,24.623684210526314,20.606105263157897,26.939403508771928,14.979210526315791
Haryana,1998,21.69436842105263,32.922934210526314,25.87328947368421,21.548263157894738,27.073263157894733,16.46157894736842
Haryana,1999,22.332836257309946,30.34511842105263,25.450473684210525,21.004842105263158,29.023350877192982,16.970315789473684
Haryana,2000,20.876166666666666,30.435473684210525,24.57734649122807,20.668315789473684,27.26094736842105,14.699236842105265
Haryana,2001,21.29654970760234,30.567013157894735,24.798390350877195,20.592684210526315,26.94064912280702,16.356315789473683
Haryana,2002,21.03970760233918,31.208526315789474,24.89380263157895,20.410315789473685,27.242964912280705,15.465842105263159
Haryana,2003,21.112587719298244,30.65071052631579,24.775320175438598,20.799614035087718,27.225859649122807,15.31228947368421
Haryana,2004,21.639365497076025,30.872868421052633,25.149144736842107,20.881035087719297,27.5810350877193,16.456026315789476
Haryana,2005,21.56544736842105,30.51153947368421,25.01792543859649,20.73884210526316,28.03742105263158,15.92007894736842
Haryana,2006,21.341046783625732,31.080250000000003,25.09151754385965,21.180368421052634,27.550561403508777,15.29221052631579
Haryana,2007,21.334590643274854,30.179789473684213,24.74755701754386,20.122666666666667,28.121315789473687,15.75978947368421
Haryana,2008,20.0906783625731,30.397157894736846,23.947802631578945,18.95019298245614,26.290736842105265,15.031105263157896
Haryana,2009,21.27333625730994,30.991894736842106,25.023135964912278,21.048666666666666,27.621368421052633,15.149973684210526
Haryana,2010,22.151619883040933,31.183605263157897,25.69938596491228,21.518929824561404,29.22956140350877,15.70636842105263
Haryana,2011,21.87473976608187,30.521447368421054,25.325504385964912,21.697263157894735,28.87456140350877,15.052394736842105
Haryana,2012,21.817511695906433,30.81382894736842,25.333521929824563,21.875280701754388,27.966596491228067,15.610657894736843
Haryana,2013,22.091932748538014,31.215434210526315,25.65061842105263,21.440543859649125,28.953543859649123,15.88171052631579
Haryana,2014,21.76701754385965,31.53842105263158,25.47421052631579,21.538947368421052,28.339473684210528,15.42263157894737
Haryana,2015,21.45771929824561,31.483684210526313,25.19684210526316,20.15421052631579,28.36894736842105,15.85
Haryana,2016,21.734561403508774,31.23,25.367368421052632,21.358947368421052,28.546842105263156,15.297894736842107
Haryana,2017,21.95421052631579,31.312105263157893,25.50842105263158,21.385263157894737,28.717894736842105,15.759473684210526
Haryana,2018,21.93859649122807,31.399473684210527,25.63421052631579,21.36,28.712631578947367,15.743157894736843
Haryana,2019,21.807368421052633,31.33736842105263,25.443157894736842,21.36,28.58263157894737,15.479473684210527
Himachal Pradesh,1997,15.039877777777777,25.429274999999997,18.95855,15.1343,20.411933333333334,9.5734
Himachal Pradesh,1998,15.74765,26.7634,19.85935,16.059666666666665,20.713033333333335,10.47025
Himachal Pradesh,1999,16.629427777777778,25.62565,20.020016666666667,15.691300000000002,22.269733333333335,11.927249999999999
Himachal Pradesh,2000,15.121377777777775,25.030675,18.90555,15.503566666666666,20.512066666666666,9.3485
Himachal Pradesh,2001,16.012427777777777,25.908949999999997,19.651891666666664,15.342166666666667,20.770166666666668,11.924949999999999
Himachal Pradesh,2002,15.185338888888891,25.8399,19.20704166666667,15.2733,20.73956666666667,9.54315
Himachal Pradesh,2003,15.703111111111113,25.3477,19.366283333333335,16.0046,20.781333333333333,10.323400000000001
Himachal Pradesh,2004,15.99258888888889,25.746875,19.654366666666668,16.0376,20.871766666666666,11.0684
Himachal Pradesh,2005,16.017633333333333,26.155525,19.835191666666667,15.7683,21.5261,10.758500000000002
Himachal Pradesh,2006,15.609905555555557,25.732999999999997,19.503041666666668,16.1843,21.26076666666667,9.38465
Himachal Pradesh,2007,15.955516666666668,24.899925000000003,19.336608333333334,15.058666666666664,21.647833333333335,11.16005
Himachal Pradesh,2008,15.309672222222224,25.81485,19.200591666666668,14.6154,20.674266666666668,10.63935
Himachal Pradesh,2009,15.730844444444443,26.447825,19.828533333333333,16.539066666666667,21.226966666666666,9.4265
Himachal Pradesh,2010,17.574355555555556,26.43475,21.006183333333333,17.070533333333334,23.818533333333335,11.834
Himachal Pradesh,2011,16.85328888888889,25.996050000000004,20.431091666666667,17.597833333333334,22.471333333333334,10.4907
Himachal Pradesh,2012,16.983877777777778,26.27445,20.5459,17.356533333333335,22.193199999999997,11.4019
Himachal Pradesh,2013,16.95671111111111,26.231150000000003,20.512666666666668,16.71176666666667,22.775366666666667,11.383
Himachal Pradesh,2014,16.556,26.433999999999997,20.272,16.65,22.244999999999997,10.773
Himachal Pradesh,2015,16.80966666666667,26.448,20.271,16.829,22.253,11.347
Himachal Pradesh,2016,16.551333333333336,26.455000000000002,20.434,16.969,22.5,10.184999999999999
Himachal Pradesh,2017,17.051333333333332,26.454,20.463,16.986,22.583,11.585
Himachal Pradesh,2018,16.834,26.394,20.499000000000002,16.569,22.549,11.384
Himachal Pradesh,2019,16.604333333333333,26.411,20.349,16.569,22.436,10.808
Jammu and Kashmir,1997,9.62657142857143,22.231267857142857,14.315482142857144,10.534285714285716,14.567000000000002,3.778428571428571
Jammu and Kashmir,1998,10.30867857142857,22.598982142857142,14.87622023809524,11.226761904761904,15.039880952380953,4.659392857142857
Jammu and Kashmir,1999,11.587115079365079,22.695964285714286,15.664458333333332,11.307571428571427,16.359380952380953,7.094392857142857
Jammu and Kashmir,2000,10.463865079365078,21.753553571428572,14.664291666666667,11.224809523809524,14.949285714285713,5.2175
Jammu and Kashmir,2001,11.105809523809524,23.306910714285713,15.50342261904762,10.539523809523809,15.63904761904762,7.138857142857143
Jammu and Kashmir,2002,9.732202380952382,22.683875,14.577321428571429,10.918095238095237,14.881047619047619,3.3974642857142854
Jammu and Kashmir,2003,10.61984126984127,22.092267857142854,14.867732142857145,11.62257142857143,14.70209523809524,5.534857142857143
Jammu and Kashmir,2004,11.033500000000002,22.637660714285715,15.321958333333333,11.449738095238095,15.662119047619049,5.988642857142857
Jammu and Kashmir,2005,10.910162698412698,23.057053571428572,15.395654761904762,11.201309523809524,15.857357142857142,5.671821428571428
Jammu and Kashmir,2006,10.01436111111111,22.96014285714286,14.861386904761906,11.01142857142857,15.39847619047619,3.633178571428572
Jammu and Kashmir,2007,10.685619047619047,22.427392857142856,14.990226190476191,10.500380952380953,15.55904761904762,5.997428571428571
Jammu and Kashmir,2008,10.37981746031746,22.904785714285712,14.985511904761905,10.72302380952381,15.20507142857143,5.2113571428571435
Jammu and Kashmir,2009,10.818380952380954,23.42292857142857,15.459934523809522,11.000928571428572,15.916285714285715,5.537928571428572
Jammu and Kashmir,2010,11.91675,23.473803571428572,16.232660714285714,12.103714285714286,17.2925,6.354035714285715
Jammu and Kashmir,2011,11.806174603174602,22.855410714285714,16.018047619047618,12.629142857142856,17.328738095238094,5.460642857142857
Jammu and Kashmir,2012,12.067916666666667,22.810928571428573,16.094892857142856,12.204761904761906,17.282738095238095,6.7162500000000005
Jammu and Kashmir,2013,11.656309523809524,22.851,15.871964285714284,12.248333333333333,16.873380952380952,5.847214285714286
Jammu and Kashmir,2014,11.313333333333333,22.850714285714286,15.645,12.04142857142857,16.553571428571427,5.345
Jammu and Kashmir,2015,11.457380952380953,22.949285714285715,15.672857142857143,12.25,16.605,5.517142857142857
Jammu and Kashmir,2016,11.603333333333333,23.207857142857144,15.844285714285714,12.337142857142856,16.775714285714287,5.6971428571428575
Jammu and Kashmir,2017,11.798809523809524,23.21142857142857,15.875,12.36,16.89857142857143,6.137857142857143
Jammu and Kashmir,2018,11.502619047619048,22.943571428571428,15.867142857142856,12.026428571428571,16.895,5.586428571428571
Jammu and Kashmir,2019,11.321190476190475,22.955000000000002,15.707857142857142,12.026428571428571,16.585,5.352142857142858
Jharkhand,1997,22.266277777777777,27.361486111111113,24.295648148148146,20.843537037037038,27.660629629629632,18.294666666666664
Jharkhand,1998,22.53920061728395,27.899208333333334,24.667324074074074,21.224462962962964,27.95138888888889,18.44175
Jharkhand,1999,23.128358024691362,27.85376388888889,25.055425925925924,22.015277777777776,28.46462962962963,18.905166666666666
Jharkhand,2000,23.143503086419752,27.59109722222222,24.987314814814813,21.410666666666668,29.2117037037037,18.808138888888887
Jharkhand,2001,22.63733333333333,27.76261111111111,24.621194444444445,21.177185185185184,27.402703703703704,19.33211111111111
Jharkhand,2002,22.825530864197532,27.57161111111111,24.724393518518518,20.752537037037037,28.700555555555557,19.0235
Jharkhand,2003,22.464675925925928,28.159486111111114,24.794555555555558,21.48353703703704,28.62512962962963,17.28536111111111
Jharkhand,2004,22.959530864197532,28.269847222222225,25.013787037037037,21.11125925925926,28.21761111111111,19.549722222222226
Jharkhand,2005,23.040000000000003,27.60547222222222,24.90352314814815,21.48635185185185,28.694037037037035,18.939611111111113
Jharkhand,2006,22.586376543209877,28.093652777777777,24.812967592592592,21.523962962962962,28.33877777777778,17.89638888888889
Jharkhand,2007,22.741046296296293,27.566,24.708967592592593,20.964425925925926,28.832907407407408,18.425805555555556
Jharkhand,2008,22.415166666666664,27.94961111111111,24.659185185185187,21.758333333333333,27.862444444444446,17.62472222222222
Jharkhand,2009,22.734996913580247,28.525708333333334,25.024574074074074,22.391037037037037,27.391037037037037,18.422916666666666
Jharkhand,2010,23.441962962962965,27.613013888888887,25.217199074074074,22.11109259259259,29.39146296296296,18.823333333333334
Jharkhand,2011,23.058935185185188,27.69375,24.987916666666667,22.08112962962963,28.645259259259262,18.45041666666667
Jharkhand,2012,23.337246913580245,27.506180555555556,25.140717592592594,22.780037037037037,28.860370370370372,18.371333333333332
Jharkhand,2013,23.319401234567895,28.178652777777778,25.29500462962963,21.684537037037035,29.224499999999995,19.049166666666665
Jharkhand,2014,22.96185185185185,28.374444444444446,25.06277777777778,21.685555555555553,28.618333333333332,18.581666666666663
Jharkhand,2015,23.245185185185182,28.037222222222223,25.067777777777778,21.889444444444443,28.92722222222222,18.91888888888889
Jharkhand,2016,23.028148148148148,28.149444444444445,25.133888888888887,22.025555555555556,28.380555555555556,18.67833333333333
Jharkhand,2017,23.29351851851852,28.038333333333334,25.163333333333334,21.933888888888887,29.075000000000003,18.871666666666666
Jharkhand,2018,23.19962962962963,27.836666666666666,25.209999999999997,21.665555555555557,29.06888888888889,18.864444444444445
Jharkhand,2019,22.96388888888889,28.35666666666667,25.107777777777777,21.665555555555557,29.21388888888889,18.012222222222224
Karnataka,1997,25.70085185185185,24.979125,25.624295138888886,24.722319444444448,28.647611111111107,23.732625
Karnataka,1998,25.41422685185185,25.58305208333333,25.59780902777778,24.276069444444445,28.080069444444444,23.88654166666667
Karnataka,1999,25.67600462962963,24.90653125,25.515954861111112,24.109305555555554,28.400000000000002,24.518708333333333
Karnataka,2000,25.34925,24.549802083333333,25.198211805555555,24.1975,27.886333333333337,23.963916666666666
Karnataka,2001,25.23631712962963,24.55059375,25.10689236111111,24.089,27.573430555555557,24.046520833333332
Karnataka,2002,25.585405092592595,24.7044375,25.37409027777778,23.80979166666667,28.349111111111114,24.5973125
Karnataka,2003,25.134583333333328,25.057322916666667,25.252968749999997,23.81884722222222,28.17998611111111,23.404916666666665
Karnataka,2004,25.230608796296295,24.960270833333336,25.263329861111114,23.808486111111108,28.12673611111111,23.756604166666666
Karnataka,2005,25.197131944444447,24.766802083333335,25.155694444444446,23.409875,28.208458333333336,23.9730625
Karnataka,2006,25.360548611111113,25.50973958333333,25.54274652777778,24.417194444444444,27.89351388888889,23.770937500000002
Karnataka,2007,25.644400462962963,25.024145833333336,25.526805555555555,23.790069444444445,28.56861111111111,24.574520833333334
Karnataka,2008,25.492768518518517,25.3983125,25.618013888888886,25.103305555555554,27.763,23.612
Karnataka,2009,25.946844907407407,25.48991666666667,25.889229166666667,24.059833333333334,28.970180555555554,24.81052083333333
Karnataka,2010,25.41565509259259,24.78228125,25.311069444444442,24.074166666666667,28.035611111111113,24.1371875
Karnataka,2011,25.4684212962963,24.666270833333332,25.291402777777776,24.127166666666668,27.894055555555557,24.384041666666665
Karnataka,2012,25.78165046296297,25.054541666666665,25.613322916666664,24.246861111111112,28.204944444444447,24.893145833333335
Karnataka,2013,25.87245833333333,25.24325,25.78820486111111,24.520958333333336,28.72975,24.366666666666664
Karnataka,2014,25.667777777777776,25.420833333333334,25.58458333333333,24.407916666666665,28.261666666666667,24.33375
Karnataka,2015,25.737083333333334,25.2925,25.677916666666665,24.72458333333333,28.16541666666667,24.321250000000003
Karnataka,2016,25.907083333333333,25.33375,25.857083333333335,24.28833333333333,28.883333333333336,24.549583333333334
Karnataka,2017,25.716944444444447,25.294583333333335,25.77208333333333,24.289583333333336,28.60625,24.255
Karnataka,2018,25.701944444444447,25.070833333333336,25.796666666666667,24.23375,28.61208333333333,24.26
Karnataka,2019,25.749166666666667,25.296666666666667,25.646666666666665,24.23375,28.590416666666666,24.423333333333332
Kerela,1997,27.70161111111111,26.95975,27.528583333333334,27.124,29.170333333333332,26.810499999999998
Kerela,1998,27.930833333333336,27.706750000000003,27.927333333333333,27.405,29.311000000000003,27.076500000000003
Kerela,1999,27.757500000000004,27.100250000000003,27.55933333333333,26.813333333333336,28.95266666666667,27.506500000000003
Kerela,2000,27.16311111111111,26.685,27.083916666666667,26.781000000000002,28.507333333333335,26.201
Kerela,2001,27.45616666666667,26.94375,27.352500000000003,26.789,28.929000000000002,26.6505
Kerela,2002,27.50966666666667,26.975749999999998,27.383999999999997,26.43466666666667,29.212333333333333,26.882
Kerela,2003,27.009888888888884,26.78725,27.00583333333333,26.250666666666664,28.611,26.168
Kerela,2004,26.926666666666666,27.022750000000002,27.06083333333333,26.391000000000002,28.688,25.701
Kerela,2005,27.23266666666667,26.96375,27.18525,26.621333333333336,28.350666666666665,26.726
Kerela,2006,27.521500000000003,27.246,27.455750000000005,26.919333333333338,28.436666666666667,27.2085
Kerela,2007,27.49088888888889,26.87875,27.325916666666668,26.548333333333332,28.90233333333333,27.022
Kerela,2008,27.51738888888889,27.27475,27.492916666666662,27.24666666666667,28.465000000000003,26.8405
Kerela,2009,27.927333333333333,27.175000000000004,27.690833333333334,26.683333333333334,29.342666666666663,27.756
Kerela,2010,27.166666666666668,26.91475,27.12391666666667,26.722333333333335,28.105666666666668,26.671999999999997
Kerela,2011,27.573666666666668,26.79475,27.345833333333335,26.852333333333334,28.676666666666666,27.192
Kerela,2012,27.635499999999997,26.80325,27.37366666666667,26.869,28.589,27.4485
Kerela,2013,27.4445,27.36775,27.466166666666666,26.853666666666665,28.602333333333334,26.8775
Kerela,2014,27.516666666666666,27.35,27.66,27.0,28.73,26.82
Kerela,2015,27.496666666666666,27.22,27.67,26.95,28.73,26.81
Kerela,2016,27.74,27.26,27.69,26.8,29.03,27.39
Kerela,2017,27.426666666666666,27.22,27.65,26.8,28.71,26.77
Kerela,2018,27.463333333333335,27.02,27.36,26.84,28.76,26.79
Kerela,2019,27.460000000000004,27.15,27.68,26.84,28.76,26.78
Madhya Pradesh,1997,23.78636049382716,27.972244444444446,25.55949074074074,22.288185185185185,29.818562962962964,19.252333333333333
Madhya Pradesh,1998,24.09007160493827,29.576200000000004,26.267335185185186,22.475125925925926,29.887666666666664,19.90742222222222
Madhya Pradesh,1999,24.648112345679014,28.6047,26.28965925925926,22.119051851851854,31.049385185185187,20.7759
Madhya Pradesh,2000,23.87493703703704,28.06177222222222,25.66245925925926,22.60519259259259,29.84760740740741,19.17201111111111
Madhya Pradesh,2001,24.123729629629633,27.420272222222223,25.51151851851852,22.471162962962964,29.24359259259259,20.656433333333332
Madhya Pradesh,2002,24.057007407407408,28.529855555555553,25.908657407407407,22.18174814814815,30.260674074074075,19.7286
Madhya Pradesh,2003,23.888262962962965,28.91477222222222,25.947694444444444,22.297007407407406,30.08665925925926,19.281122222222223
Madhya Pradesh,2004,24.124056790123458,28.54101111111111,25.93028148148148,22.48822962962963,29.76676296296296,20.11717777777778
Madhya Pradesh,2005,24.1851987654321,27.478261111111113,25.634738888888887,22.172614814814814,30.420014814814813,19.962966666666667
Madhya Pradesh,2006,23.66238765432099,29.228372222222223,25.93145,22.909229629629632,29.380355555555557,18.697577777777777
Madhya Pradesh,2007,24.159820987654324,28.616983333333334,25.980935185185185,21.795066666666667,30.549296296296294,20.1351
Madhya Pradesh,2008,23.282881481481482,28.169416666666667,25.28166296296296,21.92213333333333,29.082866666666668,18.843644444444447
Madhya Pradesh,2009,24.111428395061733,28.97875,26.12574259259259,23.002614814814816,29.922725925925928,19.408944444444444
Madhya Pradesh,2010,24.30867037037037,27.911377777777776,25.89554814814815,22.49880740740741,30.75023703703704,19.676966666666665
Madhya Pradesh,2011,24.411982716049383,27.959905555555558,26.008675925925925,23.662096296296294,30.1304962962963,19.443355555555556
Madhya Pradesh,2012,24.426802469135804,27.80416111111111,25.912340740740742,23.32857037037037,29.84205925925926,20.10977777777778
Madhya Pradesh,2013,24.712383950617284,28.552211111111113,26.41886296296296,23.45882962962963,31.084377777777778,19.593944444444443
Madhya Pradesh,2014,24.372814814814813,28.96333333333333,26.112,23.191555555555553,30.38688888888889,19.54
Madhya Pradesh,2015,24.445111111111107,28.746888888888886,26.067777777777778,23.238666666666667,30.427777777777777,19.66888888888889
Madhya Pradesh,2016,24.53651851851852,28.712888888888887,26.192666666666668,23.508444444444446,30.612666666666666,19.488444444444443
Madhya Pradesh,2017,24.67125925925926,28.700888888888887,26.17088888888889,23.501555555555555,30.84511111111111,19.66711111111111
Madhya Pradesh,2018,24.52925925925926,28.355777777777778,26.185777777777776,23.130444444444443,30.828666666666667,19.628666666666668
Madhya Pradesh,2019,24.532962962962966,28.733555555555554,26.160888888888888,23.130444444444443,30.87688888888889,19.591555555555555
Maharashtra,1997,26.439585317460317,27.363285714285716,26.99841369047619,24.852011904761905,31.03829761904762,23.428446428571426
Maharashtra,1998,26.270851190476193,28.321348214285713,27.155714285714286,24.528369047619048,30.42970238095238,23.854482142857144
Maharashtra,1999,26.425968253968254,27.42448214285714,26.9253125,23.723083333333335,31.126928571428575,24.427892857142858
Maharashtra,2000,25.905458333333332,26.7890625,26.436797619047617,24.349178571428574,30.303392857142857,23.063803571428572
Maharashtra,2001,25.806301587301586,26.552741071428574,26.226681547619048,24.25332142857143,29.418083333333332,23.7475
Maharashtra,2002,26.160609126984127,27.221714285714285,26.739163690476193,24.24002380952381,30.779428571428575,23.462375
Maharashtra,2003,25.903287698412697,27.86675,26.821964285714284,24.061333333333334,30.915511904761903,22.73301785714286
Maharashtra,2004,25.885164682539685,27.609267857142857,26.67291666666667,23.810345238095238,30.516595238095242,23.328553571428575
Maharashtra,2005,25.877615079365082,26.546339285714286,26.32534523809524,23.80634523809524,30.64675,23.179750000000002
Maharashtra,2006,25.60499603174603,28.352107142857143,26.815550595238097,24.870749999999997,29.87745238095238,22.066785714285714
Maharashtra,2007,26.544107142857143,27.74430357142857,27.104723214285713,23.75239285714286,31.26242857142857,24.6175
Maharashtra,2008,25.567839285714285,27.217419642857145,26.425785714285716,25.232321428571428,29.600392857142857,21.870803571428574
Maharashtra,2009,26.235599206349207,28.146830357142857,27.10851488095238,24.189440476190477,31.11182142857143,23.405535714285715
Maharashtra,2010,25.96399007936508,26.76499107142857,26.46229464285714,23.81979761904762,30.88383333333333,23.188339285714285
Maharashtra,2011,26.146736111111114,27.068401785714286,26.69850892857143,24.82221428571429,30.405869047619046,23.212125000000004
Maharashtra,2012,26.43211904761905,27.124866071428574,26.86360416666667,24.73289285714286,30.53817857142857,24.02528571428571
Maharashtra,2013,26.600023809523815,27.08704464285714,27.006252976190474,24.81354761904762,31.313166666666667,23.673357142857146
Maharashtra,2014,26.251071428571432,27.799642857142857,26.919285714285714,24.685,30.662857142857142,23.405357142857145
Maharashtra,2015,26.38773809523809,27.679285714285715,26.898571428571426,24.974999999999998,30.590714285714284,23.5975
Maharashtra,2016,26.38202380952381,27.69464285714286,27.02642857142857,24.6675,31.13642857142857,23.342142857142857
Maharashtra,2017,26.36666666666667,27.679642857142856,26.930714285714284,24.66107142857143,31.12107142857143,23.317857142857143
Maharashtra,2018,26.328571428571433,27.225357142857142,26.941785714285714,24.5625,31.118571428571432,23.304642857142856
Maharashtra,2019,26.38297619047619,27.68642857142857,26.97,24.5625,31.14071428571429,23.445714285714285
Manipur,1997,18.309083333333334,23.155325,20.151775,18.124299999999998,21.221200000000003,15.58175
Manipur,1998,18.4141,23.20295,20.224625,18.814466666666668,20.584633333333333,15.8432
Manipur,1999,18.930983333333334,22.966275,20.532916666666665,19.586166666666664,21.357833333333332,15.848949999999999
Manipur,2000,18.171472222222224,22.982675,20.08855,18.337833333333332,21.765233333333335,14.411350000000002
Manipur,2001,18.101944444444445,23.155475000000003,20.026116666666667,19.29423333333333,19.7856,15.225999999999999
Manipur,2002,18.122494444444445,23.165550000000003,20.066533333333332,18.374633333333332,21.026600000000002,14.966249999999999
Manipur,2003,17.78312222222222,23.31995,19.970758333333333,17.926366666666667,21.7442,13.6788
Manipur,2004,18.023416666666666,22.740975,19.886983333333333,19.567166666666665,19.97223333333333,14.530850000000001
Manipur,2005,18.303500000000003,23.619475,20.338066666666666,18.538333333333334,21.21956666666667,15.152600000000001
Manipur,2006,18.989127777777778,23.189799999999998,20.70625,19.448900000000002,22.332133333333335,15.18635
Manipur,2007,18.755122222222223,23.167324999999998,20.521,19.569200000000002,21.48276666666667,15.213400000000002
Manipur,2008,18.036888888888885,23.305125,20.103758333333335,19.0607,20.74256666666667,14.307399999999998
Manipur,2009,18.819622222222222,23.66285,20.744691666666665,20.072533333333332,21.294633333333334,15.0917
Manipur,2010,19.677188888888892,23.514100000000003,21.15190833333333,19.405066666666666,22.2983,17.328200000000002
Manipur,2011,18.096072222222222,23.23845,20.088283333333333,18.7714,20.757766666666665,14.759049999999998
Manipur,2012,18.831411111111112,24.000125,20.80936666666667,19.121366666666667,21.602066666666666,15.7708
Manipur,2013,18.89177777777778,23.328775,20.606616666666667,19.131766666666667,21.48186666666667,16.061700000000002
Manipur,2014,18.682000000000002,23.622999999999998,20.631999999999998,19.077,21.621000000000002,15.347999999999999
Manipur,2015,18.993,23.682,20.541,19.064,21.691,16.224
Manipur,2016,18.905,23.688,20.69,19.39,21.384,15.940999999999999
Manipur,2017,19.213333333333335,23.687,20.701,19.237000000000002,21.758,16.645
Manipur,2018,19.072666666666667,23.738999999999997,20.852,19.02,21.758,16.44
Manipur,2019,18.718999999999998,23.703,20.663999999999998,19.02,21.828,15.309000000000001
Meghalaya,1997,21.7026,26.99035,23.728933333333334,21.7954,24.7748,18.537599999999998
Meghalaya,1998,22.328655555555557,27.24475,24.23746666666667,22.862066666666667,25.0366,19.0873
Meghalaya,1999,22.56627777777778,26.88855,24.28028333333333,23.1214,25.290133333333337,19.2873
Meghalaya,2000,21.38322222222222,26.90215,23.5534,21.623533333333334,25.109333333333332,17.416800000000002
Meghalaya,2001,21.565633333333334,27.05,23.6526,22.356,23.881400000000003,18.4595
Meghalaya,2002,21.20122222222222,26.786400000000004,23.35615,21.465933333333332,24.454933333333333,17.6828
Meghalaya,2003,21.021933333333337,26.759249999999998,23.288016666666667,21.401666666666667,24.885933333333334,16.778200000000002
Meghalaya,2004,21.33261111111111,26.541500000000003,23.35856666666667,22.534066666666668,23.607066666666665,17.8567
Meghalaya,2005,22.334400000000002,27.938850000000002,24.484366666666666,22.363066666666665,25.687533333333334,18.9526
Meghalaya,2006,22.53162222222222,27.310899999999997,24.460016666666665,22.903866666666666,26.183,18.508
Meghalaya,2007,22.446022222222222,27.28915,24.369783333333334,22.69053333333333,25.914133333333332,18.7334
Meghalaya,2008,21.97507777777778,27.73955,24.23265,22.53473333333333,25.448400000000003,17.9421
Meghalaya,2009,22.77791111111111,27.9055,24.83365,23.705533333333335,26.008799999999997,18.6194
Meghalaya,2010,23.60267777777778,27.6286,25.188083333333335,23.456266666666668,26.67026666666667,20.6815
Meghalaya,2011,22.070822222222223,27.6101,24.195116666666664,22.4218,25.054266666666667,18.736399999999996
Meghalaya,2012,22.49893333333333,28.151699999999998,24.68338333333333,22.791066666666666,25.809133333333328,18.8966
Meghalaya,2013,22.508255555555554,27.51755,24.435566666666666,22.5434,25.563666666666666,19.417700000000004
Meghalaya,2014,22.22066666666667,27.748,24.462,22.91,25.598,18.154000000000003
Meghalaya,2015,22.592666666666663,27.774,24.506,22.516,25.615999999999996,19.646
Meghalaya,2016,22.732,27.798000000000002,24.794,23.078,25.863999999999997,19.254
Meghalaya,2017,23.014,27.78,24.808,22.972,26.07,20.0
Meghalaya,2018,22.891333333333336,27.875999999999998,24.869999999999997,22.772,26.065999999999995,19.836000000000002
Meghalaya,2019,22.213333333333328,27.812,24.52,22.772,25.803999999999995,18.064
Mizoram,1997,22.844484126984128,26.721892857142855,24.378321428571432,22.66957142857143,25.915809523809525,19.94807142857143
Mizoram,1998,22.801841269841265,26.939392857142856,24.42701190476191,23.09047619047619,25.46504761904762,19.85
Mizoram,1999,23.67878571428572,26.727392857142856,24.9445,23.945857142857143,26.405857142857144,20.684642857142858
Mizoram,2000,22.87207936507937,26.920285714285715,24.526309523809523,22.74271428571429,26.659380952380953,19.214142857142857
Mizoram,2001,23.089976190476193,26.881571428571426,24.594607142857143,23.84052380952381,25.22861904761905,20.20078571428572
Mizoram,2002,22.867865079365078,26.723499999999998,24.41447619047619,22.786761904761907,26.085761904761906,19.73107142857143
Mizoram,2003,22.58888095238095,26.986357142857145,24.39102380952381,22.666238095238096,26.547333333333334,18.553071428571428
Mizoram,2004,22.651626984126988,26.495714285714286,24.203892857142858,23.776000000000003,24.778095238095236,19.400785714285714
Mizoram,2005,23.03946031746032,27.14975,24.674928571428573,23.149619047619048,26.113761904761905,19.855
Mizoram,2006,23.476333333333333,26.936785714285715,24.935488095238096,23.66709523809524,26.953619047619046,19.808285714285713
Mizoram,2007,23.296785714285715,26.842035714285714,24.763630952380954,23.929857142857145,26.084857142857143,19.875642857142857
Mizoram,2008,22.730214285714283,26.853607142857147,24.402285714285714,23.48685714285714,25.544857142857143,19.15892857142857
Mizoram,2009,23.253873015873012,27.312392857142857,24.904214285714286,24.28109523809524,25.796666666666663,19.683857142857143
Mizoram,2010,24.111357142857145,26.93867857142857,25.25072619047619,23.748238095238097,26.837619047619047,21.748214285714287
Mizoram,2011,22.574444444444442,26.620964285714287,24.207785714285716,23.147333333333336,25.41557142857143,19.16042857142857
Mizoram,2012,23.390968253968254,27.280464285714285,24.93857142857143,23.449,26.346190476190475,20.377714285714287
Mizoram,2013,23.409277777777778,26.724607142857142,24.753023809523807,23.486238095238093,26.19595238095238,20.54564285714286
Mizoram,2014,23.150476190476187,27.178571428571427,24.712857142857143,23.358571428571427,26.240000000000002,19.852857142857143
Mizoram,2015,23.456190476190475,27.114285714285717,24.687142857142856,23.37,26.31857142857143,20.68
Mizoram,2016,23.35095238095238,27.17142857142857,24.888571428571428,23.647142857142857,26.0,20.405714285714286
Mizoram,2017,23.702380952380953,27.118571428571425,24.922857142857143,23.53142857142857,26.361428571428572,21.214285714285715
Mizoram,2018,23.555714285714288,27.131428571428575,25.005714285714284,23.31857142857143,26.361428571428572,20.987142857142857
Mizoram,2019,23.23142857142857,27.177142857142858,24.72714285714286,23.31857142857143,26.46,19.915714285714284
Nagaland,1997,17.156880952380952,23.05742857142857,19.35222619047619,17.19761904761905,19.85809523809524,14.414928571428572
Nagaland,1998,17.381317460317458,22.984428571428573,19.460833333333337,17.957142857142856,19.347238095238094,14.839571428571428
Nagaland,1999,17.675190476190476,23.012642857142858,19.710940476190476,18.673809523809524,19.755761904761904,14.596
Nagaland,2000,17.08120634920635,22.899571428571427,19.328321428571428,17.466761904761906,20.387571428571427,13.389285714285714
Nagaland,2001,17.16761111111111,23.045785714285717,19.361369047619046,18.463952380952378,18.683666666666664,14.355214285714286
Nagaland,2002,17.12853968253968,22.993892857142857,19.321404761904763,17.484238095238094,19.625809523809522,14.275571428571428
Nagaland,2003,16.600396825396825,23.185178571428573,19.113892857142854,17.19990476190476,19.823714285714285,12.777571428571429
Nagaland,2004,17.244698412698416,22.788642857142857,19.375988095238093,18.711761904761907,19.177333333333333,13.845
Nagaland,2005,17.279396825396827,23.83067857142857,19.703702380952382,17.37842857142857,20.066904761904762,14.392857142857142
Nagaland,2006,17.72545238095238,23.249750000000002,19.876107142857144,18.504809523809524,20.656761904761904,14.014785714285713
Nagaland,2007,17.767087301587306,23.42532142857143,19.928702380952384,18.577571428571428,20.263047619047622,14.460642857142858
Nagaland,2008,16.89020634920635,23.36675,19.358630952380953,17.985904761904763,19.509428571428572,13.175285714285716
Nagaland,2009,18.016666666666666,23.530535714285715,20.17316666666667,19.360142857142858,20.495714285714286,14.194142857142856
Nagaland,2010,18.73879365079365,23.640000000000004,20.573880952380954,18.54338095238095,21.350428571428573,16.32257142857143
Nagaland,2011,17.18613492063492,23.378214285714282,19.51311904761905,17.992285714285714,19.535476190476192,14.030642857142857
Nagaland,2012,17.874198412698416,23.946964285714284,20.151845238095238,18.427238095238096,20.361857142857144,14.8335
Nagaland,2013,17.947547619047622,23.46278571428571,20.013952380952382,18.35495238095238,20.27604761904762,15.211642857142857
Nagaland,2014,17.677619047619046,23.50714285714286,19.90142857142857,18.274285714285714,20.197142857142858,14.561428571428573
Nagaland,2015,17.944285714285712,23.482857142857142,19.90285714285714,18.212857142857143,20.288571428571426,15.331428571428571
Nagaland,2016,18.085714285714285,23.49857142857143,20.138571428571428,18.56,20.702857142857145,14.994285714285713
Nagaland,2017,18.279047619047617,23.49857142857143,20.148571428571426,18.374285714285715,20.858571428571427,15.604285714285714
Nagaland,2018,18.148095238095237,23.732857142857142,20.282857142857143,18.25142857142857,20.802857142857142,15.389999999999999
Nagaland,2019,17.727619047619047,23.541428571428572,19.94142857142857,18.25142857142857,20.37857142857143,14.552857142857144
Odisha,1997,23.89768148148148,27.015416666666667,25.185530555555555,22.577044444444443,28.20156666666667,20.91443333333333
Odisha,1998,23.55232222222222,27.52400833333333,25.12720555555556,22.3021,27.8144,20.540466666666664
Odisha,1999,24.27021851851852,27.3288,25.55823333333333,23.74038888888889,28.021900000000002,21.048366666666666
Odisha,2000,25.006816666666666,27.673191666666664,26.14541388888889,23.39471111111111,29.616588888888888,22.009149999999998
Odisha,2001,24.51029259259259,27.430825000000002,25.640405555555557,23.19332222222222,27.706488888888888,22.631066666666666
Odisha,2002,25.029435185185182,27.959124999999997,26.19541666666667,22.891044444444443,29.440844444444444,22.756416666666667
Odisha,2003,24.554829629629626,27.854325000000003,25.939180555555556,23.280066666666666,29.24382222222222,21.1406
Odisha,2004,24.64804259259259,27.990933333333334,25.984152777777776,23.149922222222223,28.80792222222222,21.986283333333333
Odisha,2005,24.863772222222224,27.38745833333333,25.936291666666666,23.07771111111111,29.425322222222224,22.088283333333333
Odisha,2006,24.45416666666667,28.246066666666664,25.982830555555555,23.387955555555557,28.696744444444445,21.277800000000003
Odisha,2007,24.91531666666667,28.003608333333332,26.184561111111112,23.14468888888889,29.56371111111111,22.03755
Odisha,2008,24.580203703703706,28.153566666666666,26.067108333333337,24.275466666666667,28.434344444444445,21.0308
Odisha,2009,25.03158703703704,28.488925000000002,26.411986111111112,23.86878888888889,28.929822222222224,22.29615
Odisha,2010,25.02874074074074,27.549766666666667,26.124588888888887,23.346522222222223,29.777033333333335,21.962666666666667
Odisha,2011,25.069383333333334,27.663775,26.15865,23.556433333333334,29.275966666666665,22.37575
Odisha,2012,25.16181111111111,27.607308333333332,26.23142777777778,24.042433333333335,29.334600000000002,22.1084
Odisha,2013,25.28062777777778,27.893691666666665,26.38765,23.591911111111113,29.801355555555556,22.448616666666666
Odisha,2014,24.83566666666667,28.12,26.146666666666665,23.24866666666667,29.177,22.081333333333337
Odisha,2015,25.14211111111111,27.846999999999998,26.206,23.812666666666665,29.373,22.240666666666666
Odisha,2016,25.105666666666664,27.881333333333334,26.428333333333335,23.69,29.35533333333333,22.271666666666665
Odisha,2017,25.11944444444444,27.833000000000002,26.358666666666668,23.609333333333332,29.648333333333333,22.100666666666665
Odisha,2018,25.000444444444444,27.747333333333334,26.365666666666666,23.249000000000002,29.647333333333332,22.105
Odisha,2019,25.040777777777777,28.148000000000003,26.32766666666667,23.249000000000002,29.758666666666667,22.11466666666667
Punjab,1997,20.030922839506175,31.278708333333334,24.263324074074077,19.90403703703704,25.95548148148148,14.233249999999998
Punjab,1998,20.896966049382716,33.19070833333333,25.43125925925926,20.900055555555557,26.130425925925927,15.660416666666666
Punjab,1999,21.61422222222222,31.285888888888888,25.29665277777778,20.493166666666667,28.237777777777776,16.11172222222222
Punjab,2000,20.22605864197531,30.957708333333333,24.31377777777778,20.200222222222223,26.37792592592593,14.100027777777777
Punjab,2001,20.77740740740741,31.35879166666667,24.728490740740742,20.0695,26.572777777777777,15.689944444444443
Punjab,2002,20.37681172839506,31.79163888888889,24.65127314814815,20.06714814814815,26.320703703703703,14.742583333333332
Punjab,2003,20.711626543209878,31.332527777777777,24.738791666666668,20.770907407407407,26.494722222222222,14.869250000000001
Punjab,2004,21.191941358024692,31.894722222222224,25.21689814814815,20.66651851851852,27.205722222222224,15.703583333333333
Punjab,2005,21.1421512345679,31.50420833333333,25.083759259259256,20.553833333333333,27.581537037037037,15.291083333333335
Punjab,2006,20.821453703703707,31.809125,24.994449074074073,20.95001851851852,26.81814814814815,14.696194444444444
Punjab,2007,20.968163580246912,30.989375000000003,24.769421296296297,19.918129629629632,27.548444444444442,15.437916666666666
Punjab,2008,19.897092592592596,31.285222222222224,24.118351851851852,18.885222222222225,26.011555555555557,14.7945
Punjab,2009,20.91273765432099,31.967124999999996,25.11475,20.87411111111111,27.157962962962966,14.70613888888889
Punjab,2010,21.990407407407407,31.998194444444444,25.872064814814813,21.48290740740741,29.046648148148147,15.441666666666666
Punjab,2011,21.622966049382715,31.42784722222222,25.47934722222222,21.659685185185182,28.6432962962963,14.565916666666668
Punjab,2012,21.6478024691358,31.656555555555556,25.515208333333334,21.78687037037037,27.88259259259259,15.273944444444444
Punjab,2013,21.746996913580247,32.043277777777774,25.686847222222223,21.286925925925928,28.30014814814815,15.653916666666667
Punjab,2014,21.375555555555554,32.16388888888889,25.406666666666666,21.295,27.80333333333333,15.028333333333332
Punjab,2015,21.373333333333335,32.2,25.373333333333335,20.698333333333334,27.826666666666668,15.594999999999999
Punjab,2016,21.405,32.14833333333333,25.52388888888889,21.271666666666665,28.015555555555558,14.927777777777777
Punjab,2017,21.65981481481482,32.16722222222222,25.615555555555556,21.295,28.174444444444443,15.51
Punjab,2018,21.617962962962963,32.105,25.65277777777778,21.198888888888888,28.169444444444444,15.485555555555557
Punjab,2019,21.4062962962963,32.044444444444444,25.433888888888887,21.198888888888888,27.926111111111112,15.09388888888889
Rajasthan,1997,22.852477430555556,30.0080546875,25.71175,22.256291666666666,29.137625,17.163515625
Rajasthan,1998,23.532973958333333,31.84271875,26.715361979166666,22.903489583333332,29.112135416666668,18.583296875
Rajasthan,1999,24.035710069444445,30.1208359375,26.466239583333333,22.443197916666666,30.454072916666668,19.209859375
Rajasthan,2000,22.85825347222222,29.72915625,25.635549479166666,22.54115625,29.019291666666668,17.0143125
Rajasthan,2001,23.210052083333334,29.5721171875,25.715041666666668,22.132614583333332,28.899104166666667,18.5984375
Rajasthan,2002,22.891741319444446,30.56940625,25.894416666666665,22.080208333333335,29.02471875,17.570296875
Rajasthan,2003,22.799979166666663,30.1949375,25.714992187500002,22.262322916666665,28.737958333333335,17.39965625
Rajasthan,2004,23.624720486111112,30.1510859375,26.215276041666666,23.115416666666665,29.115229166666666,18.643515625
Rajasthan,2005,23.480565972222223,29.307375,25.852450520833333,22.194520833333335,29.921989583333332,18.3251875
Rajasthan,2006,23.067046875000003,30.7019375,26.077278645833335,22.86254166666667,28.854770833333333,17.483828125
Rajasthan,2007,23.226815972222223,29.56009375,25.76385416666667,21.81321875,29.751760416666666,18.11546875
Rajasthan,2008,22.01311284722222,29.617562500000002,24.926846354166667,20.753197916666668,27.82003125,17.466109375
Rajasthan,2009,23.355460069444444,30.6085,26.2320546875,22.780541666666668,29.437354166666665,17.848484375
Rajasthan,2010,23.603772569444445,30.0138046875,26.216018229166668,22.842083333333335,30.07228125,17.896953125
Rajasthan,2011,23.65127777777778,30.0657421875,26.2864296875,23.288375000000002,29.978145833333333,17.6873125
Rajasthan,2012,23.501755208333332,29.619875,26.003622395833332,23.258854166666666,29.294583333333335,17.951828125
Rajasthan,2013,23.89426041666667,30.7705234375,26.6964609375,23.392031250000002,30.51784375,17.77290625
Rajasthan,2014,23.564375000000002,30.966874999999998,26.373125,23.2228125,29.8625,17.6078125
Rajasthan,2015,23.2890625,30.7153125,26.0384375,22.1746875,29.868125,17.824375
Rajasthan,2016,23.6921875,30.5575,26.368125,23.148125,30.0940625,17.834375
Rajasthan,2017,23.747500000000002,30.555625,26.385,23.156875,30.2215625,17.8640625
Rajasthan,2018,23.6959375,30.39,26.439375,23.046875,30.2134375,17.8275
Rajasthan,2019,23.582604166666666,30.66,26.32125,23.046875,30.1021875,17.59875
Sikkim,1997,17.819555555555556,24.458125000000003,20.321270833333337,18.329250000000002,20.77616666666667,14.35325
Sikkim,1998,17.604375,24.873,20.3506875,17.870250000000002,21.21975,13.723125
Sikkim,1999,18.97638888888889,24.717624999999998,21.173895833333333,19.034000000000002,22.323916666666666,15.57125
Sikkim,2000,18.36963888888889,24.6623125,20.812583333333336,18.794500000000003,22.08941666666667,14.225000000000001
Sikkim,2001,18.675597222222223,25.0059375,21.043520833333332,19.432416666666665,21.0125,15.581875
Sikkim,2002,18.34911111111111,24.721125,20.845583333333334,18.929333333333332,22.2385,13.8795
Sikkim,2003,18.153666666666666,24.2539375,20.57754166666667,18.799083333333336,22.193666666666665,13.46825
Sikkim,2004,18.803472222222222,24.7405625,21.069104166666666,20.181666666666665,20.8645,15.36425
Sikkim,2005,18.0575,25.134999999999998,20.781333333333336,18.498833333333334,21.99216666666667,13.6815
Sikkim,2006,18.128263888888892,25.041375,20.892666666666667,19.280416666666664,22.4965,12.607875
Sikkim,2007,18.55225,24.434125,20.904270833333335,19.85525,21.946,13.8555
Sikkim,2008,17.805819444444445,24.6100625,20.478104166666668,18.44925,22.012833333333333,12.955375
Sikkim,2009,18.95738888888889,25.085375,21.363416666666666,20.204583333333332,22.07058333333333,14.597
Sikkim,2010,19.72780555555556,24.714875,21.763020833333336,19.81741666666667,24.1125,15.253499999999999
Sikkim,2011,18.535,24.744,20.954583333333336,19.80175,21.46725,14.336
Sikkim,2012,19.150361111111113,25.2765625,21.526270833333335,20.216250000000002,22.090583333333335,15.14425
Sikkim,2013,18.74163888888889,24.9559375,21.149229166666668,19.494416666666666,22.022750000000002,14.70775
Sikkim,2014,18.50916666666667,25.11,21.145000000000003,19.1375,21.9675,14.4225
Sikkim,2015,18.82166666666667,25.07,21.0975,19.345,22.41,14.71
Sikkim,2016,18.958333333333332,25.0725,21.435,19.765,22.515,14.595
Sikkim,2017,19.070833333333336,25.07,21.445,19.5975,22.66,14.955
Sikkim,2018,18.824166666666667,25.155,21.48,19.18,22.5925,14.7
Sikkim,2019,18.705833333333334,25.0925,21.2975,19.18,22.585,14.3525
Tamil Nadu,1997,26.76353472222222,28.0519296875,27.3227265625,26.04414583333333,29.039645833333335,25.206812499999998
Tamil Nadu,1998,26.91628472222222,28.578734375,27.601901041666668,26.363822916666667,29.046343750000002,25.3386875
Tamil Nadu,1999,27.12677951388889,27.80390625,27.453796875000002,26.036760416666667,29.4325,25.911078125
Tamil Nadu,2000,26.555864583333335,27.7158515625,27.08076822916667,25.893,28.877625000000002,24.89696875
Tamil Nadu,2001,26.980164930555556,27.90221875,27.396135416666667,26.078822916666667,29.1849375,25.676734375
Tamil Nadu,2002,27.041208333333334,27.9722890625,27.446054687500002,25.732625,29.483625,25.907375000000002
Tamil Nadu,2003,26.553748263888888,27.97421875,27.135544270833332,25.715895833333335,28.691270833333334,25.254078125
Tamil Nadu,2004,26.56578125,28.049421875,27.18444010416667,25.53290625,29.088,25.0764375
Tamil Nadu,2005,26.684253472222224,28.160953125,27.265846354166666,25.50671875,28.934104166666668,25.6119375
Tamil Nadu,2006,26.87738541666667,28.087765625,27.376059895833333,26.190239583333334,28.707104166666667,25.7348125
Tamil Nadu,2007,26.91384548611111,27.6087890625,27.2422890625,25.86075,29.128489583333334,25.752296875
Tamil Nadu,2008,26.899470486111113,28.531234375,27.563697916666666,26.263635416666666,28.978979166666665,25.455796875
Tamil Nadu,2009,27.560852430555556,28.3106640625,27.87668229166667,26.10638541666667,29.80603125,26.770140625
Tamil Nadu,2010,26.734243055555556,27.9176171875,27.232125,25.8994375,28.810135416666668,25.49315625
Tamil Nadu,2011,26.967510416666666,27.851187499999998,27.345114583333334,25.8018125,29.12975,25.97096875
Tamil Nadu,2012,27.04598611111111,27.975765625,27.441026041666667,25.905770833333335,29.2075625,26.024625
Tamil Nadu,2013,27.000508680555555,28.4340234375,27.579786458333334,25.899239583333333,29.319052083333332,25.783234375
Tamil Nadu,2014,26.9565625,28.344375,27.591875,26.0521875,29.0978125,25.7196875
Tamil Nadu,2015,26.942604166666666,28.270625,27.5853125,26.0209375,29.0953125,25.7115625
Tamil Nadu,2016,27.382395833333334,28.269375,27.802500000000002,25.9228125,29.68625,26.538125
Tamil Nadu,2017,26.94458333333333,28.25375,27.64875,25.9034375,29.27625,25.654062500000002
Tamil Nadu,2018,26.955833333333334,28.1390625,27.5190625,25.90875,29.2871875,25.6715625
Tamil Nadu,2019,26.978020833333332,28.249375,27.6825,25.90875,29.2421875,25.783125000000002
Tripura,1997,23.58326388888889,27.98675,25.322020833333333,23.50425,26.913416666666667,20.332124999999998
Tripura,1998,23.969958333333334,28.301125,25.658145833333332,24.050666666666665,26.822833333333335,21.036375
Tripura,1999,24.266625000000005,27.983999999999998,25.763166666666663,24.486583333333336,27.13566666666667,21.177625
Tripura,2000,23.450277777777774,28.162,25.37364583333333,23.306833333333334,27.82725,19.21675
Tripura,2001,23.778791666666667,28.160125,25.493145833333337,24.3545,26.25,20.731875000000002
Tripura,2002,23.305944444444446,28.1638125,25.1985625,23.217666666666666,26.674166666666665,20.026
Tripura,2003,23.35773611111111,28.421937500000002,25.409770833333333,23.358166666666666,27.724916666666665,18.990125
Tripura,2004,23.14451388888889,27.81875,24.989625,24.08375,25.64966666666667,19.700125
Tripura,2005,23.471763888888887,28.558812500000002,25.484270833333333,23.639666666666663,27.10575,19.669874999999998
Tripura,2006,23.747958333333333,28.177187500000002,25.581458333333334,23.92608333333333,27.854916666666668,19.462875
Tripura,2007,23.668916666666664,28.2019375,25.50360416666667,23.833583333333333,27.388416666666664,19.784750000000003
Tripura,2008,23.48626388888889,28.363,25.44054166666666,24.09841666666667,26.8185,19.541874999999997
Tripura,2009,24.042069444444447,28.7325,25.938541666666666,25.00525,27.07483333333333,20.046125
Tripura,2010,24.899152777777772,28.29175,26.26864583333333,24.573749999999997,28.08808333333333,22.035625
Tripura,2011,23.304236111111113,28.066625000000002,25.200604166666672,23.791333333333334,26.523999999999997,19.597375
Tripura,2012,24.08383333333333,28.6334375,25.891166666666667,24.204583333333332,27.452666666666666,20.594250000000002
Tripura,2013,24.142819444444445,28.085124999999998,25.716458333333335,24.05991666666667,27.34016666666667,21.028375
Tripura,2014,23.855833333333333,28.555,25.68,24.072499999999998,27.3825,20.1125
Tripura,2015,24.175,28.4925,25.775,23.865000000000002,27.5425,21.1175
Tripura,2016,24.11583333333333,28.5975,25.997500000000002,24.4325,27.165,20.75
Tripura,2017,24.461666666666662,28.4925,26.0075,24.33,27.509999999999998,21.545
Tripura,2018,24.23,28.4925,26.025,23.95,27.5075,21.2325
Tripura,2019,23.916666666666668,28.56,25.747500000000002,23.95,27.58,20.22
Uttar Pradesh,1997,22.069349206349205,30.084464285714283,25.184764285714287,21.15755238095238,28.305666666666667,16.74482857142857
Uttar Pradesh,1998,22.6921873015873,31.759539285714286,26.144975,21.77431904761905,28.774099999999997,17.528142857142857
Uttar Pradesh,1999,23.25118888888889,30.23308571428571,26.007066666666667,21.72532380952381,29.92,18.10824285714286
Uttar Pradesh,2000,22.119425396825395,29.880167857142858,25.197194047619046,21.27247142857143,28.856633333333335,16.229171428571426
Uttar Pradesh,2001,22.475065873015875,30.090728571428574,25.402327380952382,21.421790476190477,28.19282857142857,17.81057857142857
Uttar Pradesh,2002,22.34032142857143,30.611296428571432,25.535575,20.924690476190474,29.01509523809524,17.08117857142857
Uttar Pradesh,2003,22.219519841269843,30.356789285714285,25.422532142857143,21.427314285714285,28.89879523809524,16.33245
Uttar Pradesh,2004,22.55540634920635,30.52581428571429,25.612178571428572,21.76124761904762,28.1492,17.75577142857143
Uttar Pradesh,2005,22.78578095238095,30.2951,25.728452380952383,21.355385714285713,29.490957142857145,17.511
Uttar Pradesh,2006,22.586605555555554,30.723328571428567,25.798240476190475,21.938438095238094,29.2275,16.593878571428572
Uttar Pradesh,2007,22.48734285714286,29.986274999999996,25.434415476190477,20.94496666666667,29.398861904761908,17.1182
Uttar Pradesh,2008,21.62015873015873,30.547428571428572,25.04124523809524,20.51595238095238,28.06832380952381,16.2762
Uttar Pradesh,2009,22.569870634920633,30.661889285714285,25.777838095238096,22.555209523809523,28.712066666666665,16.442335714285715
Uttar Pradesh,2010,23.403861904761907,30.31867857142857,26.202010714285716,22.481061904761905,30.245180952380952,17.485342857142857
Uttar Pradesh,2011,23.065413492063495,30.019110714285716,25.888260714285714,22.769428571428573,29.420776190476193,17.006035714285712
Uttar Pradesh,2012,22.898169841269844,30.30099285714286,25.850086904761906,22.75705238095238,28.851,17.086457142857142
Uttar Pradesh,2013,23.03207936507937,30.908753571428576,26.155207142857144,21.91464285714286,30.120352380952383,17.061242857142858
Uttar Pradesh,2014,22.787571428571425,30.97942857142857,25.958142857142857,21.970714285714287,29.56842857142857,16.82357142857143
Uttar Pradesh,2015,22.884714285714285,30.85514285714286,25.962,21.843285714285713,29.628714285714288,17.182142857142857
Uttar Pradesh,2016,22.808761904761905,30.763142857142856,25.98385714285714,22.263857142857145,29.575857142857142,16.58657142857143
Uttar Pradesh,2017,23.136190476190478,30.757714285714286,26.05957142857143,22.25485714285714,29.84985714285714,17.303857142857144
Uttar Pradesh,2018,22.990571428571428,30.665999999999997,26.12442857142857,21.885714285714286,29.840714285714284,17.245285714285714
Uttar Pradesh,2019,22.846714285714285,30.765000000000004,25.94457142857143,21.885714285714286,29.87942857142857,16.775
Uttarakhand,1997,17.53016666666667,26.236538461538462,20.81694871794872,17.141333333333332,22.534897435897435,12.914269230769232
Uttarakhand,1998,18.767059829059832,27.5695,22.128115384615384,18.876948717948718,23.780076923076926,13.644153846153845
Uttarakhand,1999,19.43746153846154,26.471692307692308,22.144314102564103,18.133000000000003,25.08723076923077,15.092153846153847
Uttarakhand,2000,17.82353846153846,26.089673076923077,21.05323717948718,17.615923076923078,23.723,12.131692307692306
Uttarakhand,2001,18.27799572649573,26.584961538461535,21.34797435897436,17.592692307692307,22.575179487179486,14.666115384615384
Uttarakhand,2002,17.675166666666666,26.65409615384615,21.128615384615387,17.226076923076924,23.649923076923077,12.1495
Uttarakhand,2003,17.82128205128205,25.96455769230769,20.9923141025641,17.58,23.54184615384615,12.342
Uttarakhand,2004,18.293713675213677,26.642692307692307,21.454685897435898,18.317435897435896,22.805743589743592,13.757961538461538
Uttarakhand,2005,18.540888888888887,27.05028846153846,21.79703846153846,17.888205128205126,24.229769230769232,13.504692307692308
Uttarakhand,2006,18.133752136752136,26.60069230769231,21.43795512820513,17.862820512820512,24.187358974358975,12.351076923076922
Uttarakhand,2007,18.152478632478633,25.622653846153845,21.06155128205128,17.373410256410256,23.959717948717948,13.124307692307692
Uttarakhand,2008,17.456602564102564,26.805038461538462,20.944307692307692,16.22753846153846,23.144384615384617,12.997884615384615
Uttarakhand,2009,18.00672222222222,27.214,21.676179487179486,19.53082051282051,23.686999999999998,10.802346153846154
Uttarakhand,2010,20.506880341880343,27.26819230769231,23.228756410256413,19.445358974358975,27.185666666666666,14.889615384615384
Uttarakhand,2011,19.340410256410255,26.900057692307694,22.344121794871796,19.917410256410257,24.569358974358973,13.534461538461539
Uttarakhand,2012,19.245931623931625,27.49503846153846,22.455320512820514,19.863384615384614,24.144717948717947,13.729692307692307
Uttarakhand,2013,19.404444444444444,27.37925,22.500878205128206,18.524153846153844,25.54271794871795,14.146461538461539
Uttarakhand,2014,18.867948717948718,27.457692307692305,22.342307692307692,18.766923076923078,24.73923076923077,13.09769230769231
Uttarakhand,2015,19.235384615384614,27.474615384615387,22.39153846153846,18.52230769230769,24.923076923076923,14.260769230769231
Uttarakhand,2016,18.516153846153845,27.47153846153846,22.393076923076926,18.97153846153846,25.17615384615385,11.400769230769232
Uttarakhand,2017,19.60205128205128,27.474615384615387,22.47230769230769,18.950769230769232,25.259999999999998,14.595384615384615
Uttarakhand,2018,19.401794871794873,27.47307692307692,22.51846153846154,18.676923076923075,25.201538461538462,14.326923076923077
Uttarakhand,2019,18.985384615384614,27.38692307692308,22.27076923076923,18.676923076923075,25.26076923076923,13.018461538461539
West Bengal,1997,23.357916666666664,28.391791666666666,25.32285648148148,22.596814814814813,27.5627962962963,19.91413888888889
West Bengal,1998,23.641410493827163,28.669541666666664,25.629986111111112,23.12533333333333,27.90787037037037,19.89102777777778
West Bengal,1999,24.229,28.63052777777778,26.005814814814816,23.804314814814816,28.36935185185185,20.513333333333335
West Bengal,2000,23.897808641975306,28.44797222222222,25.749777777777776,23.008796296296296,28.809796296296295,19.874833333333335
West Bengal,2001,23.558395061728394,28.751805555555556,25.545435185185184,23.086,27.10162962962963,20.487555555555556
West Bengal,2002,23.773194444444446,28.66795833333333,25.714643518518518,22.628370370370373,28.636351851851853,20.054861111111112
West Bengal,2003,23.45116049382716,28.641430555555555,25.559870370370373,22.85198148148148,28.593777777777778,18.907722222222223
West Bengal,2004,23.68624691358025,28.578,25.586699074074076,23.32353703703704,27.28737037037037,20.44783333333333
West Bengal,2005,23.70725308641975,28.65290277777778,25.68516203703704,22.94424074074074,28.422574074074074,19.754944444444444
West Bengal,2006,23.637836419753086,28.62097222222222,25.68178703703704,23.19564814814815,28.67488888888889,19.04297222222222
West Bengal,2007,23.766546296296298,28.43022222222222,25.658939814814815,22.909537037037037,28.677574074074073,19.71252777777778
West Bengal,2008,23.38854938271605,28.601319444444446,25.492037037037036,23.056037037037036,28.111833333333337,18.997777777777777
West Bengal,2009,23.865716049382712,29.171111111111113,25.99315277777778,24.041962962962963,27.99712962962963,19.558055555555555
West Bengal,2010,24.627373456790124,28.413875,26.21622222222222,23.63853703703704,29.536388888888887,20.707194444444447
West Bengal,2011,23.82762962962963,28.547083333333333,25.73053240740741,23.34127777777778,28.271,19.87061111111111
West Bengal,2012,24.25616666666666,28.700583333333334,26.087319444444447,23.964,28.7445,20.06
West Bengal,2013,24.17833333333333,28.705208333333335,25.989546296296297,23.22338888888889,28.760333333333335,20.551277777777777
West Bengal,2014,23.953333333333333,29.044999999999998,25.891111111111112,23.278888888888886,28.45555555555556,20.125555555555554
West Bengal,2015,24.164814814814815,28.765555555555554,25.873333333333335,23.245555555555555,28.724444444444444,20.524444444444445
West Bengal,2016,24.000925925925927,28.88666666666667,26.011666666666667,23.544444444444444,28.383333333333333,20.075000000000003
West Bengal,2017,24.201296296296295,28.738888888888887,26.030555555555555,23.343888888888888,28.65611111111111,20.60388888888889
West Bengal,2018,24.13518518518519,28.70111111111111,26.098333333333333,23.23888888888889,28.643333333333334,20.523333333333333
West Bengal,2019,24.0062962962963,29.028888888888886,26.005555555555556,23.23888888888889,28.89833333333333,19.881666666666668
